Job_ID,DatePosted,JobTitle,Company,Location,Industry,HardSkill,SoftSkill,AllSkill,HardSkillDesc,SoftSkillDesc,AllSkillDesc,URL,Source
1,11/20/2022,Data Scientist/Biostatistician,Scismic,"Palo Alto, CA",,"2,4,11,21,46,59,79,94,96,101","3,41","2,3,4,11,21,41,46,59,79,94,96,101","algorithms,analytic,aws,cloud,google cloud,machine learning,python,sql,statistics,version control","analysis,excel","algorithms,analysis,analytic,aws,cloud,excel,google cloud,machine learning,python,sql,statistics,version control",,Glassdoor
2,11/20/2022,Lead Data Scientist (Remote),OBMedia,Remote,,"4,21,29,32,59,64,72,79,92,94","3,24,56","3,4,21,24,29,32,56,59,64,72,79,92,94","analytic,cloud,data engineering,data science,machine learning,ml,pipeline ,python,spark,sql","analysis,communication,leadership","analysis,analytic,cloud,communication,data engineering,data science,leadership,machine learning,ml,pipeline ,python,spark,sql",,Glassdoor
3,11/20/2022,Data Scientist III,MAPFRE,"Boston, MA",,"2,4,32,59,62,64,65,75,79,92,94,96,97","3,56","2,3,4,32,56,59,62,64,65,75,79,92,94,96,97","algorithms,analytic,data science,machine learning,math,ml,modeling,predictive,python,spark,sql,statistics,structured and unstructured data","analysis,leadership","algorithms,analysis,analytic,data science,leadership,machine learning,math,ml,modeling,predictive,python,spark,sql,statistics,structured and unstructured data",,Glassdoor
4,11/20/2022,Simulation Data Science Engineer,John Deere,"Moline, IL",,"4,11,21,29,32,38,59,62,63,64,65,79,92","3,23,24,41,56","3,4,11,21,23,24,29,32,38,41,56,59,62,63,64,65,79,92","analytic,aws,cloud,data engineering,data science,databricks,machine learning,math,matlab,ml,modeling,python,spark","analysis,collaboration,communication,excel,leadership","analysis,analytic,aws,cloud,collaboration,communication,data engineering,data science,databricks,excel,leadership,machine learning,math,matlab,ml,modeling,python,spark",,Glassdoor
5,11/20/2022,Data Scientist - FULLY REMOTE!,Matlen Silver,Texas,,"4,65,71,75,79,83,87,96","3,24","3,4,24,65,71,75,79,83,87,96","analytic,modeling,pandas,predictive,python,regression,scikit-learn,statistics","analysis,communication","analysis,analytic,communication,modeling,pandas,predictive,python,regression,scikit-learn,statistics",,Glassdoor
6,11/20/2022,2023 Data Science Fellowship,Institute for Defense Analyses,"Alexandria, VA",,"4,13,29,32,44,45,51,52,59,62,63,75,79,81,96","24,50","4,13,24,29,32,44,45,50,51,52,59,62,63,75,79,81,96","analytic,big data,data engineering,data science,git,github,java,julia,machine learning,math,matlab,predictive,python,r,statistics","communication,insights","analytic,big data,communication,data engineering,data science,git,github,insights,java,julia,machine learning,math,matlab,predictive,python,r,statistics",,Glassdoor
7,11/20/2022,"Senior Manager, Data Scientist",NetSpend,Remote,,"2,4,11,13,14,20,22,30,32,59,62,63,65,67,75,79,81,83,84,85,94","3,24,50,56","2,3,4,11,13,14,20,22,24,30,32,50,56,59,62,63,65,67,75,79,81,83,84,85,94","algorithms,analytic,aws,big data,business intelligence,classification,clustering,data mining,data science,machine learning,math,matlab,modeling,natural language processing,predictive,python,r,regression,relational databases,reporting ,sql","analysis,communication,insights,leadership","algorithms,analysis,analytic,aws,big data,business intelligence,classification,clustering,communication,data mining,data science,insights,leadership,machine learning,math,matlab,modeling,natural language processing,predictive,python,r,regression,relational databases,reporting ,sql",,Glassdoor
8,11/16/2022,Data Scientist,SPECTRUM,"Stamford, CT 06901",,"2,4,13,21,32,34,59,79,92,94,96","3,24,50","2,3,4,13,21,24,32,34,50,59,79,92,94,96","algorithms,analytic,big data,cloud,data science,data structure,machine learning,python,spark,sql,statistics","analysis,communication,insights","algorithms,analysis,analytic,big data,cloud,communication,data science,data structure,insights,machine learning,python,spark,sql,statistics",,Indeed
9,11/16/2022,Data Analytics / R+D,BairesDev,"Colon, PAâ€¢Remote",,"4,36,59,62,79,81,94,96","3,24,41","3,4,24,36,41,59,62,79,81,94,96","analytic,data visualization,machine learning,math,python,r,sql,statistics","analysis,communication,excel","analysis,analytic,communication,data visualization,excel,machine learning,math,python,r,sql,statistics",https://www.indeed.com/jobs?q=machine+learning&l=&from=searchOnHP&vjk=2ce134381aa7a0a0&advn=408043805857178,Indeed
10,11/16/2022,Data Scientist,SPECTRUM,"Stamford, CT 06901",,"2,4,13,21,32,34,59,79,92,94,96","3,24,50","2,3,4,13,21,24,32,34,50,59,79,92,94,96","algorithms,analytic,big data,cloud,data science,data structure,machine learning,python,spark,sql,statistics","analysis,communication,insights","algorithms,analysis,analytic,big data,cloud,communication,data science,data structure,insights,machine learning,python,spark,sql,statistics",https://www.indeed.com/jobs?q=data+scientist&l=&from=searchOnHP&vjk=4f96e6212736d009,Indeed
11,11/16/2022,Principal Data Scientist I,SPECTRUM,"Stamford, CT 06901â€¢Hybrid remote",,"4,13,18,21,22,48,59,62,65,68,75,76,79,83,90,92,94,96","3,24,50,56,77","3,4,13,18,21,22,24,48,50,56,59,62,65,68,75,76,77,79,83,90,92,94,96","analytic,big data,calculus,cloud,clustering,hadoop,machine learning,math,modeling,nosql,predictive,probability,python,regression,snowflake,spark,sql,statistics","analysis,communication,insights,leadership,project management","analysis,analytic,big data,calculus,cloud,clustering,communication,hadoop,insights,leadership,machine learning,math,modeling,nosql,predictive,probability,project management,python,regression,snowflake,spark,sql,statistics",https://www.indeed.com/jobs?q=data+scientist&l=&from=searchOnHP&vjk=16833ee3a21eeff1&advn=9269596879789550,Indeed
12,11/16/2022,Data Scientist,Hertz,"Estero, FL 33928",,"2,4,6,9,11,12,13,20,21,22,32,59,62,65,75,79,81,84,92,94,96,98",50,"2,4,6,9,11,12,13,20,21,22,32,50,59,62,65,75,79,81,84,92,94,96,98","algorithms,analytic,apache,apache spark,aws,azure,big data,classification,cloud,clustering,data science,machine learning,math,modeling,predictive,python,r,relational databases,spark,sql,statistics,tableau",insights,"algorithms,analytic,apache,apache spark,aws,azure,big data,classification,cloud,clustering,data science,insights,machine learning,math,modeling,predictive,python,r,relational databases,spark,sql,statistics,tableau",https://www.indeed.com/jobs?q=data+scientist&l=&from=searchOnHP&vjk=863fe4cac2b6582c&advn=6111739018802163,Indeed
13,11/16/2022,Data Scientist,Hilton Grand Vacations,"Orlando, FL",,"2,4,32,44,59,63,79,83,94,98","3,41,50","2,3,4,32,41,44,50,59,63,79,83,94,98","algorithms,analytic,data science,git,machine learning,matlab,python,regression,sql,tableau","analysis,excel,insights","algorithms,analysis,analytic,data science,excel,git,insights,machine learning,matlab,python,regression,sql,tableau",https://www.indeed.com/jobs?q=data+scientist&l=&from=searchOnHP&vjk=da412b0377337bae&advn=514265881254487,Indeed
14,11/16/2022,Data Engineer,Human Interest,"$130,000 - $145,000 a year",,"4,11,31,94",23,"4,11,23,31,94","analytic,aws,data pipeline,sql",collaboration,"analytic,aws,collaboration,data pipeline,sql",https://www.indeed.com/jobs?q=data+engineer&l=&vjk=e2bbf84c5fc689c7,Indeed
15,11/16/2022,Data Engineer II,Disney Media & Entertainment Distribution,142 reviews,,"1,4,11,21,29,31,32,37,38,65,72,79,90,92,94","24,41","1,4,11,21,24,29,31,32,37,38,41,65,72,79,90,92,94","agile,analytic,aws,cloud,data engineering,data pipeline,data science,data warehousing ,databricks,modeling,pipeline ,python,snowflake,spark,sql","communication,excel","agile,analytic,aws,cloud,communication,data engineering,data pipeline,data science,data warehousing ,databricks,excel,modeling,pipeline ,python,snowflake,spark,sql",https://www.indeed.com/jobs?q=data+engineer&l=&vjk=e187998219dc45cd&advn=5263280023494940,Indeed
16,11/16/2022,Sentinel (GBSD) Software Engineer/Data Scientist â€“ 8657,Northrop Grumman,"Roy, UT 84067",,"1,4,11,21,36,51,79,85,94,98","23,26","1,4,11,21,23,26,36,51,79,85,94,98","agile,analytic,aws,cloud,data visualization,java,python,reporting ,sql,tableau","collaboration,curiosity","agile,analytic,aws,cloud,collaboration,curiosity,data visualization,java,python,reporting ,sql,tableau",https://www.indeed.com/jobs?q=data+engineer&l=&vjk=13902d7345a1fa3c&advn=1019644812607520,Indeed
17,11/16/2022,Sr. Data Software Engineer,Comcast,"Wayne, PA 19087â€¢Remote",,"13,14,29,38,44,64,92,94","3,41,56","3,13,14,29,38,41,44,56,64,92,94","big data,business intelligence,data engineering,databricks,git,ml,spark,sql","analysis,excel,leadership","analysis,big data,business intelligence,data engineering,databricks,excel,git,leadership,ml,spark,sql",https://www.indeed.com/jobs?q=data+engineer&l=&vjk=2be7903906f171c0&advn=4753071484186304,Indeed
18,11/16/2022,Data Scientist,National Security Agency,"Fort Meade, MD",,"2,4,11,13,18,29,30,32,34,40,57,59,62,65,75,91,96","3,24,56","2,3,4,11,13,18,24,29,30,32,34,40,56,57,59,62,65,75,91,96","algorithms,analytic,aws,big data,calculus,data engineering,data mining,data science,data structure,discrete mathematics,linear algebra,machine learning,math,modeling,predictive,software engineering,statistics","analysis,communication,leadership","algorithms,analysis,analytic,aws,big data,calculus,communication,data engineering,data mining,data science,data structure,discrete mathematics,leadership,linear algebra,machine learning,math,modeling,predictive,software engineering,statistics",,Indeed
19,11/16/2022,"Data Scientist, Marketing & Online (Remote)",The Home Depot,"Atlanta, GA 30361â€¢Remote",,"2,4,14,30,32,36,62,65,75,79,94,96,98","3,23,24,41,50","2,3,4,14,23,24,30,32,36,41,50,62,65,75,79,94,96,98","algorithms,analytic,business intelligence,data mining,data science,data visualization,math,modeling,predictive,python,sql,statistics,tableau","analysis,collaboration,communication,excel,insights","algorithms,analysis,analytic,business intelligence,collaboration,communication,data mining,data science,data visualization,excel,insights,math,modeling,predictive,python,sql,statistics,tableau",https://www.indeed.com/jobs?q=machine+learning&l=&from=searchOnHP&vjk=2ce134381aa7a0a0&advn=408043805857178,Indeed
20,11/16/2022,Data Scientist,"Shaw Industries Group, Inc.",Remoteâ€¢Remote,,"32,94",,"32,94","data science,sql",,"data science,sql",https://www.indeed.com/jobs?q=machine+learning&l=&from=searchOnHP&vjk=4bea67f6bdcfcf6b&advn=2136511017229721,Indeed
21,11/16/2022,Data Scientist,Joule,"Township of Lawrence, NJ 08648",,"4,63,72,79,81,94,96,98","3,23,24","3,4,23,24,63,72,79,81,94,96,98","analytic,matlab,pipeline ,python,r,sql,statistics,tableau","analysis,collaboration,communication","analysis,analytic,collaboration,communication,matlab,pipeline ,python,r,sql,statistics,tableau",https://www.indeed.com/jobs?q=machine+learning&l=&from=searchOnHP&vjk=0e1288c6e10f0f3e&advn=1591925339783298,Indeed
22,11/16/2022,Biomedical Data Scientist,Retia Medical,"At Retia Medical Systems, we are passionate about improving cardiovascular health through innovative technology. We are a fast-growing company located just north of New York City in Valhalla, NY.",,"2,59,63,65,79,96",3,"2,3,59,63,65,79,96","algorithms,machine learning,matlab,modeling,python,statistics",analysis,"algorithms,analysis,machine learning,matlab,modeling,python,statistics",https://www.indeed.com/jobs?q=machine+learning&l=&from=searchOnHP&vjk=4f7ba88b96dad6e4,Indeed
23,11/16/2022,"Principal Data Scientist, Online Marketing (Remote)",The Home Depot,"Atlanta, GA 30361â€¢Remote",,"2,4,14,30,32,36,44,62,65,75,79,94,96,98","3,23,24,50,77","2,3,4,14,23,24,30,32,36,44,50,62,65,75,77,79,94,96,98","algorithms,analytic,business intelligence,data mining,data science,data visualization,git,math,modeling,predictive,python,sql,statistics,tableau","analysis,collaboration,communication,insights,project management","algorithms,analysis,analytic,business intelligence,collaboration,communication,data mining,data science,data visualization,git,insights,math,modeling,predictive,project management,python,sql,statistics,tableau",https://www.indeed.com/jobs?q=machine+learning&start=10&pp=gQAPAAAAAAAAAAAAAAAB75FbQgAsAQACEEA3e6D0YaWIAf1oWxR1kO2E3LvrLDO9dsgbNdxxjT-FJHx1T0yKuN4AAA&vjk=6f90b1536425790e&advn=408043805857178,Indeed
24,11/16/2022,Senior Data Scientist,Charles Schwab,"Lone Tree, CO 80124",,"4,30,59,62,65,75,79,81,83,94","3,24,41,50,56","3,4,24,30,41,50,56,59,62,65,75,79,81,83,94","analytic,data mining,machine learning,math,modeling,predictive,python,r,regression,sql","analysis,communication,excel,insights,leadership","analysis,analytic,communication,data mining,excel,insights,leadership,machine learning,math,modeling,predictive,python,r,regression,sql",,Indeed
25,11/16/2022,Comcast Cybersecurity: Data Scientist 5,Comcast,"Washington, DC 20001",,"2,4,13,29,30,32,44,47,59,64","3,23,50","2,3,4,13,23,29,30,32,44,47,50,59,64","algorithms,analytic,big data,data engineering,data mining,data science,git,graph-based,machine learning,ml","analysis,collaboration,insights","algorithms,analysis,analytic,big data,collaboration,data engineering,data mining,data science,git,graph-based,insights,machine learning,ml",,Indeed
26,11/16/2022,Senior Data Scientist,Adobe,"Waltham, MA 02451",,"4,32,36,38,44,62,74,79,83,92,94,96,98","3,23,24,41,50,56","3,4,23,24,32,36,38,41,44,50,56,62,74,79,83,92,94,96,98","analytic,data science,data visualization,databricks,git,math,powerbi,python,regression,spark,sql,statistics,tableau","analysis,collaboration,communication,excel,insights,leadership","analysis,analytic,collaboration,communication,data science,data visualization,databricks,excel,git,insights,leadership,math,powerbi,python,regression,spark,sql,statistics,tableau",https://www.indeed.com/jobs?q=machine+learning&l=&vjk=7e5a010d958a4a9a,Indeed
27,11/16/2022,Data Scientist,"Lucas Systems, Inc.","Wexford, PA 15090",,"2,4,12,21,32,52,59,62,75,79,80,81,96,100","3,23,24,41,50","2,3,4,12,21,23,24,32,41,50,52,59,62,75,79,80,81,96,100","algorithms,analytic,azure,cloud,data science,julia,machine learning,math,predictive,python,pytorch,r,statistics,tensorflow","analysis,collaboration,communication,excel,insights","algorithms,analysis,analytic,azure,cloud,collaboration,communication,data science,excel,insights,julia,machine learning,math,predictive,python,pytorch,r,statistics,tensorflow",https://www.indeed.com/jobs?q=machine+learning&l=&vjk=0d8c028ae9e54edc,Indeed
28,11/16/2022,EX Data Scientist,Veritas Prime,Full Job Description,,"4,21,32,62,96","3,24,41","3,4,21,24,32,41,62,96","analytic,cloud,data science,math,statistics","analysis,communication,excel","analysis,analytic,cloud,communication,data science,excel,math,statistics",https://www.indeed.com/jobs?q=machine+learning&l=&vjk=c265ab067bc23f27,Indeed
29,11/16/2022,Data Scientist,"Lucas Systems, Inc.","Wexford, PA 15090",,"2,4,12,21,32,52,59,62,75,79,80,81,96,100","3,23,24,41,50","2,3,4,12,21,23,24,32,41,50,52,59,62,75,79,80,81,96,100","algorithms,analytic,azure,cloud,data science,julia,machine learning,math,predictive,python,pytorch,r,statistics,tensorflow","analysis,collaboration,communication,excel,insights","algorithms,analysis,analytic,azure,cloud,collaboration,communication,data science,excel,insights,julia,machine learning,math,predictive,python,pytorch,r,statistics,tensorflow",https://www.indeed.com/jobs?q=machine+learning&l=&vjk=0d8c028ae9e54edc,Indeed
30,11/16/2022,Machine Learning Engineer,GEICO,"Chevy Chase, MDâ€¢Remote",,"6,9,11,12,13,21,32,38,46,48,51,53,55,59,64,79,92,93,94","24,41,50","6,9,11,12,13,21,24,32,38,41,46,48,50,51,53,55,59,64,79,92,93,94","apache,apache spark,aws,azure,big data,cloud,data science,databricks,google cloud,hadoop,java,kafka,kubernetes,machine learning,ml,python,spark,spark ml,sql","communication,excel,insights","apache,apache spark,aws,azure,big data,cloud,communication,data science,databricks,excel,google cloud,hadoop,insights,java,kafka,kubernetes,machine learning,ml,python,spark,spark ml,sql",https://www.indeed.com/jobs?q=machine+learning&start=10&pp=gQAPAAABhMZJcm4AAAAB776oRgArAQEBBwVlFGMm9ZMn_gR_8JsqDaQy58KYE0HCZZ9qUGZz1yPSWUFBHXVb8wAA&vjk=d1632bf55d575277,Indeed
31,11/16/2022,"Lead Data Scientist, Marketing & Online (Remote)",The Home Depot,"Atlanta, GA 30361â€¢Remote",,"2,4,14,30,32,36,44,62,65,75,79,94,96,98","3,23,24,50,77","2,3,4,14,23,24,30,32,36,44,50,62,65,75,77,79,94,96,98","algorithms,analytic,business intelligence,data mining,data science,data visualization,git,math,modeling,predictive,python,sql,statistics,tableau","analysis,collaboration,communication,insights,project management","algorithms,analysis,analytic,business intelligence,collaboration,communication,data mining,data science,data visualization,git,insights,math,modeling,predictive,project management,python,sql,statistics,tableau",https://www.indeed.com/jobs?q=machine+learning&start=10&pp=gQAPAAABhMZJcm4AAAAB776oRgArAQEBBwVlFGMm9ZMn_gR_8JsqDaQy58KYE0HCZZ9qUGZz1yPSWUFBHXVb8wAA&vjk=4c89d9f90cfbf162&advn=408043805857178,Indeed
32,11/16/2022,"Principal Data Scientist, Online Visual AI (Remote)",The Home Depot,"Atlanta, GA 30361â€¢Remote",,"2,4,14,30,32,36,44,62,65,75,79,94,96,98","3,23,24,50,77","2,3,4,14,23,24,30,32,36,44,50,62,65,75,77,79,94,96,98","algorithms,analytic,business intelligence,data mining,data science,data visualization,git,math,modeling,predictive,python,sql,statistics,tableau","analysis,collaboration,communication,insights,project management","algorithms,analysis,analytic,business intelligence,collaboration,communication,data mining,data science,data visualization,git,insights,math,modeling,predictive,project management,python,sql,statistics,tableau",,Indeed
33,11/16/2022,Data Scientist,Booz Allen Hamilton,"Columbia, MD",,"4,32,63,65,75,79,81,96,98","3,24,41,99","3,4,24,32,41,63,65,75,79,81,96,98,99","analytic,data science,matlab,modeling,predictive,python,r,statistics,tableau","analysis,communication,excel,team-oriented","analysis,analytic,communication,data science,excel,matlab,modeling,predictive,python,r,statistics,tableau,team-oriented",,Indeed
34,11/16/2022,Data Scientist,CAPITAL Services,"Sioux Falls, SD 57110",,"2,4,14,30,32,36,44,62,65,75,79,94,96,98","3,23,24,50,77","2,3,4,14,23,24,30,32,36,44,50,62,65,75,77,79,94,96,98","algorithms,analytic,business intelligence,data mining,data science,data visualization,git,math,modeling,predictive,python,sql,statistics,tableau","analysis,collaboration,communication,insights,project management","algorithms,analysis,analytic,business intelligence,collaboration,communication,data mining,data science,data visualization,git,insights,math,modeling,predictive,project management,python,sql,statistics,tableau",https://www.indeed.com/jobs?q=machine+learning&start=10&pp=gQAPAAABhMZJcm4AAAAB776oRgArAQEBBwVlFGMm9ZMn_gR_8JsqDaQy58KYE0HCZZ9qUGZz1yPSWUFBHXVb8wAA&vjk=603bc0e4a85a64ac&advn=408043805857178,Indeed
35,11/16/2022,Data Scientist,National Security Agency,"Fort Meade, MD",,"2,4,11,13,18,29,30,32,34,40,57,59,62,65,75,91,96","3,24,56","2,3,4,11,13,18,24,29,30,32,34,40,56,57,59,62,65,75,91,96","algorithms,analytic,aws,big data,calculus,data engineering,data mining,data science,data structure,discrete mathematics,linear algebra,machine learning,math,modeling,predictive,software engineering,statistics","analysis,communication,leadership","algorithms,analysis,analytic,aws,big data,calculus,communication,data engineering,data mining,data science,data structure,discrete mathematics,leadership,linear algebra,machine learning,math,modeling,predictive,software engineering,statistics",https://www.indeed.com/jobs?q=data+scientist&l=&from=searchOnHP&vjk=bcffda3962391341&advn=2500590964327171,Indeed
36,11/16/2022,Data Scientist,CAPITAL Services,"Sioux Falls, SD 57110",,"4,62,65,81,85,94,96","24,41,89","4,24,41,62,65,81,85,89,94,96","analytic,math,modeling,r,reporting ,sql,statistics","communication,excel,self-starter","analytic,communication,excel,math,modeling,r,reporting ,self-starter,sql,statistics",https://www.indeed.com/jobs?q=data+scientist&l=&from=searchOnHP&vjk=10b1cae4beed97cf&advn=9864887861962165,Indeed
37,11/16/2022,Data Scientist,UCLA Health,667 reviews,,"4,12,21,22,30,36,51,54,59,62,64,67,71,75,79,83,87,94,96,98,100","3,23,24,41,56","3,4,12,21,22,23,24,30,36,41,51,54,56,59,62,64,67,71,75,79,83,87,94,96,98,100","analytic,azure,cloud,clustering,data mining,data visualization,java,keras,machine learning,math,ml,natural language processing,pandas,predictive,python,regression,scikit-learn,sql,statistics,tableau,tensorflow","analysis,collaboration,communication,excel,leadership","analysis,analytic,azure,cloud,clustering,collaboration,communication,data mining,data visualization,excel,java,keras,leadership,machine learning,math,ml,natural language processing,pandas,predictive,python,regression,scikit-learn,sql,statistics,tableau,tensorflow",https://www.indeed.com/jobs?q=data+scientist&l=&from=searchOnHP&vjk=d15b6fffa244e108&advn=3843475376398590,Indeed
38,11/16/2022,"Data Scientist, Marketing & Online (Remote)",The Home Depot,"Atlanta, GA 30361â€¢Remote",,"2,4,14,30,32,36,62,65,75,79,94,96,98","3,23,24,41,50","2,3,4,14,23,24,30,32,36,41,50,62,65,75,79,94,96,98","algorithms,analytic,business intelligence,data mining,data science,data visualization,math,modeling,predictive,python,sql,statistics,tableau","analysis,collaboration,communication,excel,insights","algorithms,analysis,analytic,business intelligence,collaboration,communication,data mining,data science,data visualization,excel,insights,math,modeling,predictive,python,sql,statistics,tableau",,Indeed
39,11/16/2022,Data Scientist,Apple,,,"2,4,13,20,22,30,32,36,48,59,61,62,65,79,83,84,91,92,94,96,98","3,41,50,60,66,89","2,3,4,13,20,22,30,32,36,41,48,50,59,60,61,62,65,66,79,83,84,89,91,92,94,96,98","algorithms,analytic,big data,classification,clustering,data mining,data science,data visualization,hadoop,machine learning,mapreduce,math,modeling,python,regression,relational databases,software engineering,spark,sql,statistics,tableau","analysis,excel,insights,manufacturing,multitask,self-starter","algorithms,analysis,analytic,big data,classification,clustering,data mining,data science,data visualization,excel,hadoop,insights,machine learning,manufacturing,mapreduce,math,modeling,multitask,python,regression,relational databases,self-starter,software engineering,spark,sql,statistics,tableau",,LinkedIn
40,1/16/2022,Power BI Specialist,OmniData,United States,,"1,4,12,14,29,39,44,59,65,73,79,85,94","3,23,24,41","1,3,4,12,14,23,24,29,39,41,44,59,65,73,79,85,94","agile,analytic,azure,business intelligence,data engineering,dax,git,machine learning,modeling,power apps,python,reporting ,sql","analysis,collaboration,communication,excel","agile,analysis,analytic,azure,business intelligence,collaboration,communication,data engineering,dax,excel,git,machine learning,modeling,power apps,python,reporting ,sql",,LinkedIn
41,ist 3,Data Scientist 3,PayPal,"San Jose, CA",,"2,4,13,30,31,44,51,59,65,75,79,81,85,94,98",3,"2,3,4,13,30,31,44,51,59,65,75,79,81,85,94,98","algorithms,analytic,big data,data mining,data pipeline,git,java,machine learning,modeling,predictive,python,r,reporting ,sql,tableau",analysis,"algorithms,analysis,analytic,big data,data mining,data pipeline,git,java,machine learning,modeling,predictive,python,r,reporting ,sql,tableau",https://www.linkedin.com/jobs/search?keywords=data%2Bscientist&location=United%2BStates&geoId=103644278&trk=public_jobs_jobs-search-bar_search-submit&currentJobId=3371325692&position=24&pageNum=9,LinkedIn
42,t,Data Analyst,Akkodis,New York City Metropolitan Area,,"4,85,98","24,41","4,24,41,85,98","analytic,reporting ,tableau","communication,excel","analytic,communication,excel,reporting ,tableau",https://www.linkedin.com/jobs/search?keywords=Data%2BAnalyst&location=United%2BStates&geoId=103644278&trk=public_jobs_jobs-search-bar_search-submit&currentJobId=3373036121&position=22&pageNum=0,LinkedIn
43,Analyst,Junior Data Analyst,Bend Health,"Madison, WI",,"4,29,62,65,79,85,94,96","3,50,56,89","3,4,29,50,56,62,65,79,85,89,94,96","analytic,data engineering,math,modeling,python,reporting ,sql,statistics","analysis,insights,leadership,self-starter","analysis,analytic,data engineering,insights,leadership,math,modeling,python,reporting ,self-starter,sql,statistics",https://www.linkedin.com/jobs/search?keywords=Data%2BAnalyst&location=United%2BStates&geoId=103644278&trk=public_jobs_jobs-search-bar_search-submit&currentJobId=3370495131&position=23&pageNum=0,LinkedIn
44,Data Analy,Investment Data Analyst,FirstParty,United States,,"4,14,69,79,85,94,98","3,41,50","3,4,14,41,50,69,79,85,94,98","analytic,business intelligence,numpy,python,reporting ,sql,tableau","analysis,excel,insights","analysis,analytic,business intelligence,excel,insights,numpy,python,reporting ,sql,tableau",https://www.linkedin.com/jobs/search?keywords=Data%2BAnalyst&location=United%2BStates&geoId=103644278&trk=public_jobs_jobs-search-bar_search-submit&currentJobId=3371384161&position=24&pageNum=0,LinkedIn
45,t,Data Analyst,"FocusKPI, Inc.","Los Angeles, CA",,"4,14,32,58,75,79,94,98","3,50","3,4,14,32,50,58,75,79,94,98","analytic,business intelligence,data science,looker,predictive,python,sql,tableau","analysis,insights","analysis,analytic,business intelligence,data science,insights,looker,predictive,python,sql,tableau",https://www.linkedin.com/jobs/search?keywords=Data%2BAnalyst&location=United%2BStates&geoId=103644278&trk=public_jobs_jobs-search-bar_search-submit&currentJobId=3379429763&position=9&pageNum=1,LinkedIn
46,t,Data Analyst,Detroit Chassis LLC,"Detroit, MI",,"62,96,98","24,41,60","24,41,60,62,96,98","math,statistics,tableau","communication,excel,manufacturing","communication,excel,manufacturing,math,statistics,tableau",https://www.linkedin.com/jobs/search?keywords=Data%2BAnalyst&location=United%2BStates&geoId=103644278&trk=public_jobs_jobs-search-bar_search-submit&currentJobId=3380286920&position=13&pageNum=1,LinkedIn
47,t,Data Analyst,Group O,"Texas, United States",,"34,84,85,90,94","3,24,41,66,89","3,24,34,41,66,84,85,89,90,94","data structure,relational databases,reporting ,snowflake,sql","analysis,communication,excel,multitask,self-starter","analysis,communication,data structure,excel,multitask,relational databases,reporting ,self-starter,snowflake,sql",https://www.linkedin.com/jobs/search?keywords=Data%2BAnalyst&location=United%2BStates&geoId=103644278&trk=public_jobs_jobs-search-bar_search-submit&currentJobId=3371641183&position=15&pageNum=1,LinkedIn
48,t,Data Analyst,ProDirectional,"Conroe, TX",,"36,39,79,81,85,94","3,24,41","3,24,36,39,41,79,81,85,94","data visualization,dax,python,r,reporting ,sql","analysis,communication,excel","analysis,communication,data visualization,dax,excel,python,r,reporting ,sql",https://www.linkedin.com/jobs/search?keywords=Data%2BAnalyst&location=United%2BStates&geoId=103644278&trk=public_jobs_jobs-search-bar_search-submit&currentJobId=3371622366&position=22&pageNum=1,LinkedIn
49,t,Data Analyst,SyllogisTeks,Greater St. Louis,,"4,30,62,65,75,83,96","3,41,50","3,4,30,41,50,62,65,75,83,96","analytic,data mining,math,modeling,predictive,regression,statistics","analysis,excel,insights","analysis,analytic,data mining,excel,insights,math,modeling,predictive,regression,statistics",https://www.linkedin.com/jobs/search?keywords=Data%2BAnalyst&location=United%2BStates&geoId=103644278&trk=public_jobs_jobs-search-bar_search-submit&currentJobId=3371367484&position=2&pageNum=2,LinkedIn
50,t,Data Analyst,SDG Group USA,"New Jersey, United States",,"4,14,34,65,75,79,94","3,23,24,41,50,60,77","3,4,14,23,24,34,41,50,60,65,75,77,79,94","analytic,business intelligence,data structure,modeling,predictive,python,sql","analysis,collaboration,communication,excel,insights,manufacturing,project management","analysis,analytic,business intelligence,collaboration,communication,data structure,excel,insights,manufacturing,modeling,predictive,project management,python,sql",https://www.linkedin.com/jobs/search?keywords=Data%2BAnalyst&location=United%2BStates&geoId=103644278&trk=public_jobs_jobs-search-bar_search-submit&currentJobId=3376158401&position=4&pageNum=2,LinkedIn
51,1/26/2022,Data Scientist,Turquoise Health,"San Diego, CA",,"31,32,79,94","24,41,50","24,31,32,41,50,79,94","data pipeline,data science,python,sql","communication,excel,insights","communication,data pipeline,data science,excel,insights,python,sql",https://www.linkedin.com/jobs/search?keywords=Data%2BScientist&location=United%2BStates&geoId=103644278&trk=public_jobs_jobs-search-bar_search-submit&currentJobId=3363554900&position=1&pageNum=0,LinkedIn
52,Analyst,Junior Data Analyst,CirrusLabs,"Washington, DC",,"4,14,44,85","41,56","4,14,41,44,56,85","analytic,business intelligence,git,reporting ","excel,leadership","analytic,business intelligence,excel,git,leadership,reporting ",https://www.linkedin.com/jobs/search?keywords=Data%2BAnalyst&location=United%2BStates&geoId=103644278&trk=public_jobs_jobs-search-bar_search-submit&currentJobId=3371393765&position=5&pageNum=2,LinkedIn
53,t,Data Analyst,Urban SDK,"Jacksonville, FL",,"1,4,13,29,32,62,79,94,96",3,"1,3,4,13,29,32,62,79,94,96","agile,analytic,big data,data engineering,data science,math,python,sql,statistics",analysis,"agile,analysis,analytic,big data,data engineering,data science,math,python,sql,statistics",https://www.linkedin.com/jobs/search?keywords=Data%2BAnalyst&location=United%2BStates&geoId=103644278&trk=public_jobs_jobs-search-bar_search-submit&currentJobId=3378997920&position=6&pageNum=2,LinkedIn
54,t,Data Analyst,Planet Professional,"Miami, FL",,"4,65,74,85,98","3,24,41,50,89","3,4,24,41,50,65,74,85,89,98","analytic,modeling,powerbi,reporting ,tableau","analysis,communication,excel,insights,self-starter","analysis,analytic,communication,excel,insights,modeling,powerbi,reporting ,self-starter,tableau",https://www.linkedin.com/jobs/search?keywords=Data%2BAnalyst&location=United%2BStates&geoId=103644278&trk=public_jobs_jobs-search-bar_search-submit&currentJobId=3378911390&position=8&pageNum=2,LinkedIn
55,t,Data Analyst,TalentoHCM,"Alpharetta, GA",,"4,79,85,94","3,23","3,4,23,79,85,94","analytic,python,reporting ,sql","analysis,collaboration","analysis,analytic,collaboration,python,reporting ,sql",https://www.linkedin.com/jobs/search?keywords=Data%2BAnalyst&location=United%2BStates&geoId=103644278&trk=public_jobs_jobs-search-bar_search-submit&currentJobId=3372384526&position=10&pageNum=2,LinkedIn
56,Analyst,Junior Data Analyst,Aptive Resources,"Washington, DC",,"4,44,65,85,96","3,24","3,4,24,44,65,85,96","analytic,git,modeling,reporting ,statistics","analysis,communication","analysis,analytic,communication,git,modeling,reporting ,statistics",https://www.linkedin.com/jobs/search?keywords=Data%2BAnalyst&location=United%2BStates&geoId=103644278&trk=public_jobs_jobs-search-bar_search-submit&currentJobId=3380746912&position=11&pageNum=2,LinkedIn
57,t,Data Analyst,Benefytt Technologies,United States,,"4,11,29,36,58,62,74,85,94,96,98","3,24,50","3,4,11,24,29,36,50,58,62,74,85,94,96,98","analytic,aws,data engineering,data visualization,looker,math,powerbi,reporting ,sql,statistics,tableau","analysis,communication,insights","analysis,analytic,aws,communication,data engineering,data visualization,insights,looker,math,powerbi,reporting ,sql,statistics,tableau",https://www.linkedin.com/jobs/search?keywords=Data%2BAnalyst&location=United%2BStates&geoId=103644278&trk=public_jobs_jobs-search-bar_search-submit&currentJobId=3373144757&position=12&pageNum=2,LinkedIn
58,t,Data Analyst,CAI,"New York, NY",,"4,21,32,64,94","3,24,41","3,4,21,24,32,41,64,94","analytic,cloud,data science,ml,sql","analysis,communication,excel","analysis,analytic,cloud,communication,data science,excel,ml,sql",https://www.linkedin.com/jobs/search?keywords=Data%2BAnalyst&location=United%2BStates&geoId=103644278&trk=public_jobs_jobs-search-bar_search-submit&currentJobId=3371607778&position=17&pageNum=2,LinkedIn
59,t.,Data Analyst.,State of Colorado,"Denver, CO",,"21,36,64,85,96,98","3,24,41,77","3,21,24,36,41,64,77,85,96,98","cloud,data visualization,ml,reporting ,statistics,tableau","analysis,communication,excel,project management","analysis,cloud,communication,data visualization,excel,ml,project management,reporting ,statistics,tableau",https://www.linkedin.com/jobs/search?keywords=Data%2BAnalyst&location=United%2BStates&geoId=103644278&trk=public_jobs_jobs-search-bar_search-submit&currentJobId=3375114606&position=22&pageNum=2,LinkedIn
60,t,Data Analyst,Mastermind.com,"Phoenix, AZ",,"4,85,94","24,41","4,24,41,85,94","analytic,reporting ,sql","communication,excel","analytic,communication,excel,reporting ,sql",https://www.linkedin.com/jobs/search?keywords=Data%2BAnalyst&location=United%2BStates&geoId=103644278&trk=public_jobs_jobs-search-bar_search-submit&currentJobId=3373023609&position=25&pageNum=2,LinkedIn
61,t,Data Analyst,YipitData,United States,,"4,31,79,92,94","3,50","3,4,31,50,79,92,94","analytic,data pipeline,python,spark,sql","analysis,insights","analysis,analytic,data pipeline,insights,python,spark,sql",https://www.linkedin.com/jobs/search?keywords=Data%2BAnalyst&location=United%2BStates&geoId=103644278&trk=public_jobs_jobs-search-bar_search-submit&currentJobId=3363249835&position=1&pageNum=3,LinkedIn
62,1/26/2022,Data Scientist,"Carrie Rikon & Associates, LLC","Great Neck, NY",,"4,32,44,45,59,75,79,94,96","3,41","3,4,32,41,44,45,59,75,79,94,96","analytic,data science,git,github,machine learning,predictive,python,sql,statistics","analysis,excel","analysis,analytic,data science,excel,git,github,machine learning,predictive,python,sql,statistics",https://www.linkedin.com/jobs/search?keywords=Data%2BScientist&location=United%2BStates&geoId=103644278&trk=public_jobs_jobs-search-bar_search-submit&currentJobId=3367361116&position=3&pageNum=0,LinkedIn
63,t,Data Analyst,Guy Carpenter,"New York, NY",,"1,4,74,76,79,81,94,96,97,98","3,24,50","1,3,4,24,50,74,76,79,81,94,96,97,98","agile,analytic,powerbi,probability,python,r,sql,statistics,structured and unstructured data,tableau","analysis,communication,insights","agile,analysis,analytic,communication,insights,powerbi,probability,python,r,sql,statistics,structured and unstructured data,tableau",https://www.linkedin.com/jobs/search?keywords=Data%2BAnalyst&location=United%2BStates&geoId=103644278&trk=public_jobs_jobs-search-bar_search-submit&currentJobId=3378396861&position=6&pageNum=3,LinkedIn
64,t,Data Analyst,SDG Group USA,"Bedminster, NJ",,"4,14,32,34,62,65,74,75,79,94","3,23,24,41,50,60","3,4,14,23,24,32,34,41,50,60,62,65,74,75,79,94","analytic,business intelligence,data science,data structure,math,modeling,powerbi,predictive,python,sql","analysis,collaboration,communication,excel,insights,manufacturing","analysis,analytic,business intelligence,collaboration,communication,data science,data structure,excel,insights,manufacturing,math,modeling,powerbi,predictive,python,sql",https://www.linkedin.com/jobs/search?keywords=Data%2BAnalyst&location=United%2BStates&geoId=103644278&trk=public_jobs_jobs-search-bar_search-submit&currentJobId=3375573548&position=7&pageNum=3,LinkedIn
65,er,Data Engineer,Tiger Analytics,"Dallas, TX",,"1,4,11,12,13,29,31,32,37,59,64,79,92,94","3,24,41,50,56","1,3,4,11,12,13,24,29,31,32,37,41,50,56,59,64,79,92,94","agile,analytic,aws,azure,big data,data engineering,data pipeline,data science,data warehousing ,machine learning,ml,python,spark,sql","analysis,communication,excel,insights,leadership","agile,analysis,analytic,aws,azure,big data,communication,data engineering,data pipeline,data science,data warehousing ,excel,insights,leadership,machine learning,ml,python,spark,sql",https://www.linkedin.com/jobs/search?keywords=Data%2BEngineer&location=United%2BStates&geoId=103644278&trk=public_jobs_jobs-search-bar_search-submit&currentJobId=3373061469&position=19&pageNum=2,LinkedIn
66,er,Data Engineer,CRG,"Blue Ash, OH",,"4,12,21,31,65,92","3,60","3,4,12,21,31,60,65,92","analytic,azure,cloud,data pipeline,modeling,spark","analysis,manufacturing","analysis,analytic,azure,cloud,data pipeline,manufacturing,modeling,spark",https://www.linkedin.com/jobs/search?keywords=Data%2BEngineer&location=United%2BStates&geoId=103644278&trk=public_jobs_jobs-search-bar_search-submit&currentJobId=3374679751&position=4&pageNum=3,LinkedIn
67,er II,Data Engineer II,On-Demand Group,"Minneapolis, MN",,"4,13,21,31,48,51,79,85,94,98",3,"3,4,13,21,31,48,51,79,85,94,98","analytic,big data,cloud,data pipeline,hadoop,java,python,reporting ,sql,tableau",analysis,"analysis,analytic,big data,cloud,data pipeline,hadoop,java,python,reporting ,sql,tableau",https://www.linkedin.com/jobs/search?keywords=Data%2BEngineer&location=United%2BStates&geoId=103644278&trk=public_jobs_jobs-search-bar_search-submit&currentJobId=3373046442&position=6&pageNum=3,LinkedIn
68,er,Data Engineer,Agility Partners,"Charlotte, NC",,"11,29,37,65,79,94",23,"11,23,29,37,65,79,94","aws,data engineering,data warehousing ,modeling,python,sql",collaboration,"aws,collaboration,data engineering,data warehousing ,modeling,python,sql",https://www.linkedin.com/jobs/search?keywords=Data%2BEngineer&location=United%2BStates&geoId=103644278&trk=public_jobs_jobs-search-bar_search-submit&currentJobId=3361578065&position=9&pageNum=3,LinkedIn
69,er,Data Engineer,Glocomms,United States,,"4,65,79,81",,"4,65,79,81","analytic,modeling,python,r",,"analytic,modeling,python,r",https://www.linkedin.com/jobs/search?keywords=Data%2BEngineer&location=United%2BStates&geoId=103644278&trk=public_jobs_jobs-search-bar_search-submit&currentJobId=3375105258&position=11&pageNum=3,LinkedIn
70,er,Data Engineer,Modis,United States,,"31,94",,"31,94","data pipeline,sql",,"data pipeline,sql",https://www.linkedin.com/jobs/search?keywords=Data%2BEngineer&location=United%2BStates&geoId=103644278&trk=public_jobs_jobs-search-bar_search-submit&currentJobId=3373015296&position=20&pageNum=3,LinkedIn
71,er,Data Engineer,Indotronix Avani Group,"Hopkins, MN",,"4,13,21,31,48,51,79,85,94,98","3,60","3,4,13,21,31,48,51,60,79,85,94,98","analytic,big data,cloud,data pipeline,hadoop,java,python,reporting ,sql,tableau","analysis,manufacturing","analysis,analytic,big data,cloud,data pipeline,hadoop,java,manufacturing,python,reporting ,sql,tableau",https://www.linkedin.com/jobs/search?keywords=Data%2BEngineer&location=United%2BStates&geoId=103644278&trk=public_jobs_jobs-search-bar_search-submit&currentJobId=3376142734&position=12&pageNum=4,LinkedIn
72,Engineer,Senior Data Engineer,PeakActivity,"Boynton Beach, FL",,"1,4,11,21,31,68,79,94","23,24,41,56","1,4,11,21,23,24,31,41,56,68,79,94","agile,analytic,aws,cloud,data pipeline,nosql,python,sql","collaboration,communication,excel,leadership","agile,analytic,aws,cloud,collaboration,communication,data pipeline,excel,leadership,nosql,python,sql",https://www.linkedin.com/jobs/search?keywords=Data%2BEngineer&location=United%2BStates&geoId=103644278&trk=public_jobs_jobs-search-bar_search-submit&currentJobId=3380735373&position=16&pageNum=4,LinkedIn
73,er,Data Engineer,Synergis,"Seattle, WA",,"1,4,11,13,31,42,48,51,53,55,59,79,92","24,41,60","1,4,11,13,24,31,41,42,48,51,53,55,59,60,79,92","agile,analytic,aws,big data,data pipeline,flink,hadoop,java,kafka,kubernetes,machine learning,python,spark","communication,excel,manufacturing","agile,analytic,aws,big data,communication,data pipeline,excel,flink,hadoop,java,kafka,kubernetes,machine learning,manufacturing,python,spark",https://www.linkedin.com/jobs/search?keywords=Data%2BEngineer&location=United%2BStates&geoId=103644278&trk=public_jobs_jobs-search-bar_search-submit&currentJobId=3373044545&position=18&pageNum=4,LinkedIn
74,(Remote),BI Engineer,CyberCoders,"Washington, DC",,"12,14,39,91,94,98","24,41,60","12,14,24,39,41,60,91,94,98","azure,business intelligence,dax,software engineering,sql,tableau","communication,excel,manufacturing","azure,business intelligence,communication,dax,excel,manufacturing,software engineering,sql,tableau",https://www.linkedin.com/jobs/search?keywords=Power%2BBI%2Bengineer&location=United%2BStates&geoId=103644278&trk=public_jobs_jobs-search-bar_search-submit&currentJobId=3349843340&position=22&pageNum=0,LinkedIn
75,11/19/202,Data Scientist,Epsilon,"New York, NY",,"2,4,12,13,21,30,32,34,38,44,48,54,59,62,64,65,75,79,80,92,93,94,100","3,24,41,50,56","2,3,4,12,13,21,24,30,32,34,38,41,44,48,50,54,56,59,62,64,65,75,79,80,92,93,94,100","algorithms,analytic,azure,big data,cloud,data mining,data science,data structure,databricks,git,hadoop,keras,machine learning,math,ml,modeling,predictive,python,pytorch,spark,spark ml,sql,tensorflow","analysis,communication,excel,insights,leadership","algorithms,analysis,analytic,azure,big data,cloud,communication,data mining,data science,data structure,databricks,excel,git,hadoop,insights,keras,leadership,machine learning,math,ml,modeling,predictive,python,pytorch,spark,spark ml,sql,tensorflow",https://www.linkedin.com/jobs/search?keywords=Data%2BScientist&location=United%2BStates&geoId=103644278&trk=public_jobs_jobs-search-bar_search-submit&currentJobId=3360755435&position=7&pageNum=0,LinkedIn
76,11/26/202,Data Scientist,Overjet,United States,,"1,4,32,36,44,58,62,74,79,81,94,96,98","3,24,26,50,77","1,3,4,24,26,32,36,44,50,58,62,74,77,79,81,94,96,98","agile,analytic,data science,data visualization,git,looker,math,powerbi,python,r,sql,statistics,tableau","analysis,communication,curiosity,insights,project management","agile,analysis,analytic,communication,curiosity,data science,data visualization,git,insights,looker,math,powerbi,project management,python,r,sql,statistics,tableau",https://www.linkedin.com/jobs/search?keywords=Data%2BScientist&location=United%2BStates&geoId=103644278&trk=public_jobs_jobs-search-bar_search-submit&currentJobId=3367302527&position=9&pageNum=0,LinkedIn
77,11/26/202,Data Scientist,Acclaim Technical Services,"Washington, DC",,"1,4,11,21,32,36,48,59,64,79,80,84,92,94,96,100","3,50,60","1,3,4,11,21,32,36,48,50,59,60,64,79,80,84,92,94,96,100","agile,analytic,aws,cloud,data science,data visualization,hadoop,machine learning,ml,python,pytorch,relational databases,spark,sql,statistics,tensorflow","analysis,insights,manufacturing","agile,analysis,analytic,aws,cloud,data science,data visualization,hadoop,insights,machine learning,manufacturing,ml,python,pytorch,relational databases,spark,sql,statistics,tensorflow",https://www.linkedin.com/jobs/search?keywords=Data%2BScientist&location=United%2BStates&geoId=103644278&trk=public_jobs_jobs-search-bar_search-submit&currentJobId=3367360292&position=11&pageNum=0,LinkedIn
78,ist,Data Scientist,SmartSense by Digi,"Boston, MA",,"1,2,4,11,13,20,22,32,44,48,51,52,59,64,65,68,72,75,79,81,83,85,92,94","3,24,50,99","1,2,3,4,11,13,20,22,24,32,44,48,50,51,52,59,64,65,68,72,75,79,81,83,85,92,94,99","agile,algorithms,analytic,aws,big data,classification,clustering,data science,git,hadoop,java,julia,machine learning,ml,modeling,nosql,pipeline ,predictive,python,r,regression,reporting ,spark,sql","analysis,communication,insights,team-oriented","agile,algorithms,analysis,analytic,aws,big data,classification,clustering,communication,data science,git,hadoop,insights,java,julia,machine learning,ml,modeling,nosql,pipeline ,predictive,python,r,regression,reporting ,spark,sql,team-oriented",https://www.linkedin.com/jobs/search?keywords=Data%2BScientist&location=United%2BStates&geoId=103644278&trk=public_jobs_jobs-search-bar_search-submit&currentJobId=3358689593&position=13&pageNum=0,LinkedIn
79,19/26/202,Data Scientist,Hedge Fund,"New York, NY",,"15,51,62,79,94,96","3,24","3,15,24,51,62,79,94,96","c#,java,math,python,sql,statistics","analysis,communication","analysis,c#,communication,java,math,python,sql,statistics",https://www.linkedin.com/jobs/search?keywords=Data%2BScientist&location=United%2BStates&geoId=103644278&trk=public_jobs_jobs-search-bar_search-submit&currentJobId=3358689081&position=16&pageNum=0,LinkedIn
80,11/16/2022,Data Scientist,LeaseLock,"Marina del Rey, CA",,"4,11,21,29,32,36,38,43,58,59,65,69,71,79,87,90,91,94,103","24,50,56","4,11,21,24,29,32,36,38,43,50,56,58,59,65,69,71,79,87,90,91,94,103","analytic,aws,cloud,data engineering,data science,data visualization,databricks,gcp,looker,machine learning,modeling,numpy,pandas,python,scikit-learn,snowflake,software engineering,sql,xgboost","communication,insights,leadership","analytic,aws,cloud,communication,data engineering,data science,data visualization,databricks,gcp,insights,leadership,looker,machine learning,modeling,numpy,pandas,python,scikit-learn,snowflake,software engineering,sql,xgboost",,LinkedIn
81,t        (,Data Analyst,Spencer Ogden,"Pennsylvania, United States",,"4,32,74,79,85,94","3,24,50","3,4,24,32,50,74,79,85,94","analytic,data science,powerbi,python,reporting ,sql","analysis,communication,insights","analysis,analytic,communication,data science,insights,powerbi,python,reporting ,sql",https://www.linkedin.com/jobs/search?keywords=Data%20Analyst&location=United%20States&geoId=103644278&trk=public_jobs_jobs-search-bar_search-submit&position=1&pageNum=0,LinkedIn
82,11/22/202,Entry-Level Data Analyst,The Federal Savings Bank,"Chicago, IL",,"4,62,85,94,98","3,23,24,41,60,77","3,4,23,24,41,60,62,77,85,94,98","analytic,math,reporting ,sql,tableau","analysis,collaboration,communication,excel,manufacturing,project management","analysis,analytic,collaboration,communication,excel,manufacturing,math,project management,reporting ,sql,tableau",https://www.linkedin.com/jobs/search?keywords=Data%2BAnalyst&location=United%2BStates&geoId=103644278&trk=public_jobs_jobs-search-bar_search-submit&currentJobId=3364619835&position=2&pageNum=0,LinkedIn
83,t,Data Analyst,RootStaff,United States,,4,"23,41,60","4,23,41,60",analytic,"collaboration,excel,manufacturing","analytic,collaboration,excel,manufacturing",https://www.linkedin.com/jobs/search?keywords=Data%2BAnalyst&location=United%2BStates&geoId=103644278&trk=public_jobs_jobs-search-bar_search-submit&currentJobId=3367343932&position=3&pageNum=0,LinkedIn
84,t,Data Analyst,PayPal,"Indiana, United States",,"4,44,48,79,94","3,41","3,4,41,44,48,79,94","analytic,git,hadoop,python,sql","analysis,excel","analysis,analytic,excel,git,hadoop,python,sql",https://www.linkedin.com/jobs/search?keywords=Data%2BAnalyst&location=United%2BStates&geoId=103644278&trk=public_jobs_jobs-search-bar_search-submit&currentJobId=3359608137&position=3&pageNum=0,LinkedIn
85,11/27/202,Analyst,CafeMedia,United States,,"4,14,44,58,85,98","50,89","4,14,44,50,58,85,89,98","analytic,business intelligence,git,looker,reporting ,tableau","insights,self-starter","analytic,business intelligence,git,insights,looker,reporting ,self-starter,tableau",https://www.linkedin.com/jobs/search?keywords=Data%2BAnalyst&location=United%2BStates&geoId=103644278&trk=public_jobs_jobs-search-bar_search-submit&currentJobId=3369457251&position=14&pageNum=0,LinkedIn
86,er,Data Engineer,Alliant Credit Union,"Chicago, IL",,"1,2,4,11,12,29,31,32,34,37,64,72,91,94,98","24,41,50,77","1,2,4,11,12,24,29,31,32,34,37,41,50,64,72,77,91,94,98","agile,algorithms,analytic,aws,azure,data engineering,data pipeline,data science,data structure,data warehousing ,ml,pipeline ,software engineering,sql,tableau","communication,excel,insights,project management","agile,algorithms,analytic,aws,azure,communication,data engineering,data pipeline,data science,data structure,data warehousing ,excel,insights,ml,pipeline ,project management,software engineering,sql,tableau",https://www.linkedin.com/jobs/search?keywords=Data%2BEngineer&location=United%2BStates&geoId=103644278&trk=public_jobs_jobs-search-bar_search-submit&currentJobId=3344830183&position=2&pageNum=0,LinkedIn
87,11/22/202,Data Engineer,CVS Health,"Irving, TX",,"2,4,31,34,48,51,59,68,79,85,94","23,24,50","2,4,23,24,31,34,48,50,51,59,68,79,85,94","algorithms,analytic,data pipeline,data structure,hadoop,java,machine learning,nosql,python,reporting ,sql","collaboration,communication,insights","algorithms,analytic,collaboration,communication,data pipeline,data structure,hadoop,insights,java,machine learning,nosql,python,reporting ,sql",https://www.linkedin.com/jobs/search?keywords=Data%2BEngineer&location=United%2BStates&geoId=103644278&trk=public_jobs_jobs-search-bar_search-submit&currentJobId=3367188538&position=5&pageNum=0,LinkedIn
88,11/06/202,Machine Learning Engineer,Surfside,"New York, NY",,"2,29,49,54,59,62,64,67,76,79,92,93,96,100","23,24","2,23,24,29,49,54,59,62,64,67,76,79,92,93,96,100","algorithms,data engineering,image processing,keras,machine learning,math,ml,natural language processing,probability,python,spark,spark ml,statistics,tensorflow","collaboration,communication","algorithms,collaboration,communication,data engineering,image processing,keras,machine learning,math,ml,natural language processing,probability,python,spark,spark ml,statistics,tensorflow",https://www.linkedin.com/jobs/search?keywords=Machine%20Learning%20Engineer&location=United%20States&geoId=103644278&trk=public_jobs_jobs-search-bar_search-submit&position=1&pageNum=0,LinkedIn
89,1/16/2022,Associate Data Engineer,Peacock,"New York, NY",,"1,4,6,7,8,9,13,21,27,28,29,31,42,44,46,47,48,51,53,55,68,72,78,79,81,85,88,90,92,94,97,102","3,50,99","1,3,4,6,7,8,9,13,21,27,28,29,31,42,44,46,47,48,50,51,53,55,68,72,78,79,81,85,88,90,92,94,97,99,102","agile,analytic,apache,apache airflo,apache beam,apache spark,big data,cloud,data catalogs,data cleanliness,data engineering,data pipeline,flink,git,google cloud,graph-based,hadoop,java,kafka,kubernetes,nosql,pipeline ,pubsub,python,r,reporting ,scio,snowflake,spark,sql,structured and unstructured data,video assets","analysis,insights,team-oriented","agile,analysis,analytic,apache,apache airflo,apache beam,apache spark,big data,cloud,data catalogs,data cleanliness,data engineering,data pipeline,flink,git,google cloud,graph-based,hadoop,insights,java,kafka,kubernetes,nosql,pipeline ,pubsub,python,r,reporting ,scio,snowflake,spark,sql,structured and unstructured data,team-oriented,video assets",,LinkedIn
90,11/22/202,Atos,Machine Learning Engineer,,,"2,4,21,30,32,36,44,59,65,67,75,79,83,92,96","3,24,50","2,3,4,21,24,30,32,36,44,50,59,65,67,75,79,83,92,96","algorithms,analytic,cloud,data mining,data science,data visualization,git,machine learning,modeling,natural language processing,predictive,python,regression,spark,statistics","analysis,communication,insights","algorithms,analysis,analytic,cloud,communication,data mining,data science,data visualization,git,insights,machine learning,modeling,natural language processing,predictive,python,regression,spark,statistics",https://www.linkedin.com/jobs/view/machine-learning-engineer-at-atos-3361236921?refId=ielXOD4%2F%2BNPlpNcnj9aTdQ%3D%3D&trackingId=QzLU2rkFgEtyvuoQqBnh%2Bw%3D%3D&trk=public_jobs_topcard-title,LinkedIn
91,11/26/202,Machine Learning Engineer,Algo Capital Group,"New York, United States",,"16,44,51,59,64,65,75,79,87,100,103","3,41","3,16,41,44,51,59,64,65,75,79,87,100,103","c++ ,git,java,machine learning,ml,modeling,predictive,python,scikit-learn,tensorflow,xgboost","analysis,excel","analysis,c++ ,excel,git,java,machine learning,ml,modeling,predictive,python,scikit-learn,tensorflow,xgboost",https://www.linkedin.com/jobs/search?keywords=Machine%2BLearning%2BEngineer&location=United%2BStates&geoId=103644278&trk=public_jobs_jobs-search-bar_search-submit&currentJobId=3365908674&position=12&pageNum=0,LinkedIn
92,11/15/202,Machine Learning Engineer,Apple,"Cupertino, CA",,"2,49,59,79","41,60","2,41,49,59,60,79","algorithms,image processing,machine learning,python","excel,manufacturing","algorithms,excel,image processing,machine learning,manufacturing,python",https://www.linkedin.com/jobs/view/machine-learning-engineer-at-apple-3344843225?refId=vT6fMo99ITUn9NXdjak8hQ%3D%3D&trackingId=cqZ%2FwBbCPj09hg2Fzl5dIw%3D%3D&trk=public_jobs_topcard-title,LinkedIn
93,11/01/202,Artificial Intelligence Software Engineer,Lockheed Martin,"Shelton, CT",,"59,91",60,"59,60,91","machine learning,software engineering",manufacturing,"machine learning,manufacturing,software engineering",https://www.linkedin.com/jobs/search?keywords=Artificial%20Intelligence%20%28AI%29&location=New%20Haven%2C%20CT&geoId=106474003&trk=public_jobs_jobs-search-bar_search-submit&position=1&pageNum=0&currentJobId=3373792342,LinkedIn
94,Intelligen,Artificial Intelligence - Machine Learning Engineer Intern - Summer 2023,LinkedIn,"Sunnyvale, CA                       (Date Posted: 11/07/2022)",,"2,4,13,20,22,30,34,44,48,51,59,62,65,96","41,50","2,4,13,20,22,30,34,41,44,48,50,51,59,62,65,96","algorithms,analytic,big data,classification,clustering,data mining,data structure,git,hadoop,java,machine learning,math,modeling,statistics","excel,insights","algorithms,analytic,big data,classification,clustering,data mining,data structure,excel,git,hadoop,insights,java,machine learning,math,modeling,statistics",https://www.linkedin.com/jobs/view/artificial-intelligence-machine-learning-engineer-intern-summer-2023-at-linkedin-3307903701?refId=rOWcFEDaMXprWLZq2KKdiw%3D%3D&trackingId=H14QQ2fNiLqd9IQGOSgsUQ%3D%3D&trk=public_jobs_topcard-title,LinkedIn
95,11/13/202,Burren Green,Power BI Engineer,,,"4,65,85,94","24,41","4,24,41,65,85,94","analytic,modeling,reporting ,sql","communication,excel","analytic,communication,excel,modeling,reporting ,sql",https://www.linkedin.com/jobs/view/power-bi-engineer-at-burren-green-llc-3346591819?refId=f%2Bxs0bpdiptKQencW4R2pg%3D%3D&trackingId=lWPYOXK%2FdawrBZyjzEBFaA%3D%3D&trk=public_jobs_topcard-title,LinkedIn
96,11/24/202,Power BI Engineer,Focus Capital Markets,"New York, United States",,"29,36,90","24,41","24,29,36,41,90","data engineering,data visualization,snowflake","communication,excel","communication,data engineering,data visualization,excel,snowflake",https://www.linkedin.com/jobs/view/power-bi-engineer-at-focus-capital-markets-3362393971?refId=qvWTEXZorBGJbaapUsV61g%3D%3D&trackingId=Ny6ETvjbhRhg20MaRoJOIQ%3D%3D&trk=public_jobs_topcard-title,LinkedIn
97,11/16/2022,Data Engineer Junior II,Verisk,"Jersey City, NJ",,"4,11,13,14,21,29,31,33,34,35,37,38,44,64,65,68,72,79,85,86,90,94,95,98,101","23,24,50,56","4,11,13,14,21,23,24,29,31,33,34,35,37,38,44,50,56,64,65,68,72,79,85,86,90,94,95,98,101","analytic,aws,big data,business intelligence,cloud,data engineering,data pipeline,data security,data structure,data table design ,data warehousing ,databricks,git,ml,modeling,nosql,pipeline ,python,reporting ,rest api,snowflake,sql,sqs,tableau,version control","collaboration,communication,insights,leadership","analytic,aws,big data,business intelligence,cloud,collaboration,communication,data engineering,data pipeline,data security,data structure,data table design ,data warehousing ,databricks,git,insights,leadership,ml,modeling,nosql,pipeline ,python,reporting ,rest api,snowflake,sql,sqs,tableau,version control",,LinkedIn
98,11/26/202,Power BI Engineer,"Cambay Healthcare, LLC","Durham, NC",,"1,4,11,13,14,21,39,65,85,90,94,98","3,24,26,41","1,3,4,11,13,14,21,24,26,39,41,65,85,90,94,98","agile,analytic,aws,big data,business intelligence,cloud,dax,modeling,reporting ,snowflake,sql,tableau","analysis,communication,curiosity,excel","agile,analysis,analytic,aws,big data,business intelligence,cloud,communication,curiosity,dax,excel,modeling,reporting ,snowflake,sql,tableau",https://www.linkedin.com/jobs/view/power-bi-engineer-at-cambay-healthcare-llc-3377316715?refId=jrA8vzRrELIUaykoDAaDTw%3D%3D&trackingId=2a18H46ACEFvxADPGfu6zg%3D%3D&trk=public_jobs_topcard-title,LinkedIn
99,ist - mult,data scientist - multiple openings,Starbucks,"Seattle, WA",,"2,4,11,12,21,32,59,62,65,75,79,94","3,41,50,60,89","2,3,4,11,12,21,32,41,50,59,60,62,65,75,79,89,94","algorithms,analytic,aws,azure,cloud,data science,machine learning,math,modeling,predictive,python,sql","analysis,excel,insights,manufacturing,self-starter","algorithms,analysis,analytic,aws,azure,cloud,data science,excel,insights,machine learning,manufacturing,math,modeling,predictive,python,self-starter,sql",https://www.linkedin.com/jobs/search?keywords=data%20scientist&location=United%20States&geoId=103644278&trk=public_jobs_jobs-search-bar_search-submit&position=1&pageNum=0,LinkedIn
100,h,Oscar Health,"Data Scientist I, Risk Analytics",,,"4,32,79,94,96",50,"4,32,50,79,94,96","analytic,data science,python,sql,statistics",insights,"analytic,data science,insights,python,sql,statistics",https://www.linkedin.com/jobs/search?keywords=data%2Bscientist&location=United%2BStates&geoId=103644278&trk=public_jobs_jobs-search-bar_search-submit&currentJobId=3382254663&position=2&pageNum=0,LinkedIn
101,ist,Data Scientist,Golden State Warriors,"San Francisco, CA",,"4,21,32,43,59,65,75,79,84,94","24,26,41","4,21,24,26,32,41,43,59,65,75,79,84,94","analytic,cloud,data science,gcp,machine learning,modeling,predictive,python,relational databases,sql","communication,curiosity,excel","analytic,cloud,communication,curiosity,data science,excel,gcp,machine learning,modeling,predictive,python,relational databases,sql",https://www.linkedin.com/jobs/search?keywords=data%2Bscientist&location=United%2BStates&geoId=103644278&trk=public_jobs_jobs-search-bar_search-submit&currentJobId=3382211677&position=4&pageNum=0,LinkedIn
102,ata Scient,Associate Data Scientist,Dyson,"Chicago, IL",,"4,11,21,32,36,44,54,55,58,59,64,65,69,71,75,79,80,87,90,94,98,100,101,103","24,50,60","4,11,21,24,32,36,44,50,54,55,58,59,60,64,65,69,71,75,79,80,87,90,94,98,100,101,103","analytic,aws,cloud,data science,data visualization,git,keras,kubernetes,looker,machine learning,ml,modeling,numpy,pandas,predictive,python,pytorch,scikit-learn,snowflake,sql,tableau,tensorflow,version control,xgboost","communication,insights,manufacturing","analytic,aws,cloud,communication,data science,data visualization,git,insights,keras,kubernetes,looker,machine learning,manufacturing,ml,modeling,numpy,pandas,predictive,python,pytorch,scikit-learn,snowflake,sql,tableau,tensorflow,version control,xgboost",https://www.linkedin.com/jobs/search?keywords=data%2Bscientist&location=United%2BStates&geoId=103644278&trk=public_jobs_jobs-search-bar_search-submit&currentJobId=3375117540&position=11&pageNum=0,LinkedIn
103,ist,Data Scientist,Spotify,"New York, NY",,"4,31,62,71,79,81,85,94,96,98","3,23,50","3,4,23,31,50,62,71,79,81,85,94,96,98","analytic,data pipeline,math,pandas,python,r,reporting ,sql,statistics,tableau","analysis,collaboration,insights","analysis,analytic,collaboration,data pipeline,insights,math,pandas,python,r,reporting ,sql,statistics,tableau",https://www.linkedin.com/jobs/search?keywords=data%2Bscientist&location=United%2BStates&geoId=103644278&trk=public_jobs_jobs-search-bar_search-submit&currentJobId=3365957884&position=12&pageNum=0,LinkedIn
104,ist - Oppo,Data Scientist - Opportunity for Working Remotely,VMware,"Miami, FL",,"2,4,11,13,21,30,31,32,42,44,54,59,61,62,64,65,69,71,75,91,92,96",,"2,4,11,13,21,30,31,32,42,44,54,59,61,62,64,65,69,71,75,91,92,96","algorithms,analytic,aws,big data,cloud,data mining,data pipeline,data science,flink,git,keras,machine learning,mapreduce,math,ml,modeling,numpy,pandas,predictive,software engineering,spark,statistics",,"algorithms,analytic,aws,big data,cloud,data mining,data pipeline,data science,flink,git,keras,machine learning,mapreduce,math,ml,modeling,numpy,pandas,predictive,software engineering,spark,statistics",https://www.linkedin.com/jobs/search?keywords=data%2Bscientist&location=United%2BStates&geoId=103644278&trk=public_jobs_jobs-search-bar_search-submit&currentJobId=3371084383&position=13&pageNum=0,LinkedIn
105,ist - Engi,Data Scientist - Engineering Focused,Mastercard,"Missouri, United States",,"4,11,12,21,32,36,44,55,59,62,64,79,80,87,92,98,100","3,24","3,4,11,12,21,24,32,36,44,55,59,62,64,79,80,87,92,98,100","analytic,aws,azure,cloud,data science,data visualization,git,kubernetes,machine learning,math,ml,python,pytorch,scikit-learn,spark,tableau,tensorflow","analysis,communication","analysis,analytic,aws,azure,cloud,communication,data science,data visualization,git,kubernetes,machine learning,math,ml,python,pytorch,scikit-learn,spark,tableau,tensorflow",https://www.linkedin.com/jobs/search?keywords=data%2Bscientist&location=United%2BStates&geoId=103644278&trk=public_jobs_jobs-search-bar_search-submit&currentJobId=3378358740&position=21&pageNum=0,LinkedIn
106,ist,Data Scientist,Swoon,Washington DC-Baltimore Area,,"2,4,20,22,39,59,65,75,79,81,90,94",50,"2,4,20,22,39,50,59,65,75,79,81,90,94","algorithms,analytic,classification,clustering,dax,machine learning,modeling,predictive,python,r,snowflake,sql",insights,"algorithms,analytic,classification,clustering,dax,insights,machine learning,modeling,predictive,python,r,snowflake,sql",https://www.linkedin.com/jobs/search?keywords=data%2Bscientist&location=United%2BStates&geoId=103644278&trk=public_jobs_jobs-search-bar_search-submit&currentJobId=3373010650&position=25&pageNum=0,LinkedIn
107,1/16/2022,Junior Data Analyst,Lenovo,"Morrisville, NC",,"4,16,17,25,32,63,64,70,74,79,81,98,100","26,60","4,16,17,25,26,32,60,63,64,70,74,79,81,98,100","analytic,c++ ,caffe,cuda,data science,matlab,ml,nvidia gpus,powerbi,python,r,tableau,tensorflow","curiosity,manufacturing","analytic,c++ ,caffe,cuda,curiosity,data science,manufacturing,matlab,ml,nvidia gpus,powerbi,python,r,tableau,tensorflow",,LinkedIn
108,ist,Data Scientist,Salt,United States,,"11,32,59,79,92","50,60","11,32,50,59,60,79,92","aws,data science,machine learning,python,spark","insights,manufacturing","aws,data science,insights,machine learning,manufacturing,python,spark",https://www.linkedin.com/jobs/search?keywords=data%2Bscientist&location=United%2BStates&geoId=103644278&trk=public_jobs_jobs-search-bar_search-submit&currentJobId=3374622273&position=2&pageNum=1,LinkedIn
109,ist/Engine,Data Scientist/Engineer,Motimatic,"Oakland, CA",,"2,11,20,21,29,32,36,37,44,59,79,94","23,24","2,11,20,21,23,24,29,32,36,37,44,59,79,94","algorithms,aws,classification,cloud,data engineering,data science,data visualization,data warehousing ,git,machine learning,python,sql","collaboration,communication","algorithms,aws,classification,cloud,collaboration,communication,data engineering,data science,data visualization,data warehousing ,git,machine learning,python,sql",https://www.linkedin.com/jobs/search?keywords=data%2Bscientist&location=United%2BStates&geoId=103644278&trk=public_jobs_jobs-search-bar_search-submit&currentJobId=3374679565&position=23&pageNum=2,LinkedIn
110,Scientist,Junior Data Scientist,Spektrum Group,"Norfolk, VA",,"1,4,12,13,21,31,32,38,44,59,62,64,79,80,81,87,92,94,96,98,100","3,50","1,3,4,12,13,21,31,32,38,44,50,59,62,64,79,80,81,87,92,94,96,98,100","agile,analytic,azure,big data,cloud,data pipeline,data science,databricks,git,machine learning,math,ml,python,pytorch,r,scikit-learn,spark,sql,statistics,tableau,tensorflow","analysis,insights","agile,analysis,analytic,azure,big data,cloud,data pipeline,data science,databricks,git,insights,machine learning,math,ml,python,pytorch,r,scikit-learn,spark,sql,statistics,tableau,tensorflow",https://www.linkedin.com/jobs/search?keywords=data%2Bscientist&location=United%2BStates&geoId=103644278&trk=public_jobs_jobs-search-bar_search-submit&currentJobId=3375105950&position=19&pageNum=1,LinkedIn
111,ist,Data Scientist,RedStream Technology,Atlanta Metropolitan Area,,"11,14,21,36,44,62,90,94,96","24,41,50","11,14,21,24,36,41,44,50,62,90,94,96","aws,business intelligence,cloud,data visualization,git,math,snowflake,sql,statistics","communication,excel,insights","aws,business intelligence,cloud,communication,data visualization,excel,git,insights,math,snowflake,sql,statistics",https://www.linkedin.com/jobs/search?keywords=data%2Bscientist&location=United%2BStates&geoId=103644278&trk=public_jobs_jobs-search-bar_search-submit&currentJobId=3380296490&position=20&pageNum=1,LinkedIn
112,ist,Data Scientist,Tegria,United States,,"4,32,36,38,59,62,65,67,79,92,94,96","3,23,24","3,4,23,24,32,36,38,59,62,65,67,79,92,94,96","analytic,data science,data visualization,databricks,machine learning,math,modeling,natural language processing,python,spark,sql,statistics","analysis,collaboration,communication","analysis,analytic,collaboration,communication,data science,data visualization,databricks,machine learning,math,modeling,natural language processing,python,spark,sql,statistics",https://www.linkedin.com/jobs/search?keywords=data%2Bscientist&location=United%2BStates&geoId=103644278&trk=public_jobs_jobs-search-bar_search-submit&currentJobId=3379019631&position=5&pageNum=2,LinkedIn
113,ist,Data Scientist,Verta,"Menlo Park, CA",,"32,59,64,65,71,79,80,97,100",50,"32,50,59,64,65,71,79,80,97,100","data science,machine learning,ml,modeling,pandas,python,pytorch,structured and unstructured data,tensorflow",insights,"data science,insights,machine learning,ml,modeling,pandas,python,pytorch,structured and unstructured data,tensorflow",https://www.linkedin.com/jobs/search?keywords=data%2Bscientist&location=United%2BStates&geoId=103644278&trk=public_jobs_jobs-search-bar_search-submit&currentJobId=3378620006&position=24&pageNum=2,LinkedIn
114,t,Data Analyst,Webhelp,"San Jose, CA",,"4,31,34,64,85,94,98","3,24,41,50","3,4,24,31,34,41,50,64,85,94,98","analytic,data pipeline,data structure,ml,reporting ,sql,tableau","analysis,communication,excel,insights","analysis,analytic,communication,data pipeline,data structure,excel,insights,ml,reporting ,sql,tableau",https://www.linkedin.com/jobs/search?keywords=Data%2BAnalyst&location=United%2BStates&geoId=103644278&trk=public_jobs_jobs-search-bar_search-submit&currentJobId=3380541802&position=6&pageNum=0,LinkedIn
115,t,Data Analyst,Agility Partners,United States,,"4,85,94","3,23","3,4,23,85,94","analytic,reporting ,sql","analysis,collaboration","analysis,analytic,collaboration,reporting ,sql",https://www.linkedin.com/jobs/search?keywords=Data%2BAnalyst&location=United%2BStates&geoId=103644278&trk=public_jobs_jobs-search-bar_search-submit&currentJobId=3380281260&position=9&pageNum=0,LinkedIn
116,t,Data Analyst,CRG,Charlotte Metro,,"1,4,11,12,79,94","24,41,50,56,60","1,4,11,12,24,41,50,56,60,79,94","agile,analytic,aws,azure,python,sql","communication,excel,insights,leadership,manufacturing","agile,analytic,aws,azure,communication,excel,insights,leadership,manufacturing,python,sql",https://www.linkedin.com/jobs/search?keywords=Data%2BAnalyst&location=United%2BStates&geoId=103644278&trk=public_jobs_jobs-search-bar_search-submit&currentJobId=3369055475&position=10&pageNum=0,LinkedIn
117,Analyst,Junior Data Analyst,Vivint,"Provo, UT",,"4,36,85,90,94,98","24,41,50,60","4,24,36,41,50,60,85,90,94,98","analytic,data visualization,reporting ,snowflake,sql,tableau","communication,excel,insights,manufacturing","analytic,communication,data visualization,excel,insights,manufacturing,reporting ,snowflake,sql,tableau",https://www.linkedin.com/jobs/search?keywords=Data%2BAnalyst&location=United%2BStates&geoId=103644278&trk=public_jobs_jobs-search-bar_search-submit&currentJobId=3373045027&position=11&pageNum=0,LinkedIn
118,11/16/2022,Machine Learning Engineer,Surfside,"New York, NY",,"2,29,49,54,59,62,64,67,76,79,92,93,96,100","23,24","2,23,24,29,49,54,59,62,64,67,76,79,92,93,96,100","algorithms,data engineering,image processing,keras,machine learning,math,ml,natural language processing,probability,python,spark,spark ml,statistics,tensorflow","collaboration,communication","algorithms,collaboration,communication,data engineering,image processing,keras,machine learning,math,ml,natural language processing,probability,python,spark,spark ml,statistics,tensorflow",,LinkedIn
119,t - (Remot,Data Analyst -,Mediavine,"Dallas, TX",,"4,21,29,58,59,74,79,83,90,94,98",3,"3,4,21,29,58,59,74,79,83,90,94,98","analytic,cloud,data engineering,looker,machine learning,powerbi,python,regression,snowflake,sql,tableau",analysis,"analysis,analytic,cloud,data engineering,looker,machine learning,powerbi,python,regression,snowflake,sql,tableau",https://www.linkedin.com/jobs/search?keywords=Data%2BAnalyst&location=United%2BStates&geoId=103644278&trk=public_jobs_jobs-search-bar_search-submit&currentJobId=3382296054&position=12&pageNum=0,LinkedIn
120,t,Data Analyst,Prime Team Partners,United States,,"11,32,59,79,90,94",3,"3,11,32,59,79,90,94","aws,data science,machine learning,python,snowflake,sql",analysis,"analysis,aws,data science,machine learning,python,snowflake,sql",https://www.linkedin.com/jobs/search?keywords=Data%2BAnalyst&location=United%2BStates&geoId=103644278&trk=public_jobs_jobs-search-bar_search-submit&currentJobId=3371640390&position=13&pageNum=0,LinkedIn
121,t,Data Analyst,Verisk,"Asheville, NC",,"4,13,64,65,84,94","23,41,50","4,13,23,41,50,64,65,84,94","analytic,big data,ml,modeling,relational databases,sql","collaboration,excel,insights","analytic,big data,collaboration,excel,insights,ml,modeling,relational databases,sql",https://www.linkedin.com/jobs/search?keywords=Data%2BAnalyst&location=United%2BStates&geoId=103644278&trk=public_jobs_jobs-search-bar_search-submit&currentJobId=3379058931&position=14&pageNum=0,LinkedIn
122,Engineer,Junior Data Engineer,PuzzleHR,"Washington, DC",,"6,7,9,11,12,21,31,43,44,55,68,79,91,92,94","23,50","6,7,9,11,12,21,23,31,43,44,50,55,68,79,91,92,94","apache,apache airflo,apache spark,aws,azure,cloud,data pipeline,gcp,git,kubernetes,nosql,python,software engineering,spark,sql","collaboration,insights","apache,apache airflo,apache spark,aws,azure,cloud,collaboration,data pipeline,gcp,git,insights,kubernetes,nosql,python,software engineering,spark,sql",https://www.linkedin.com/jobs/search?keywords=Data%20Engineer&location=United%20States&geoId=103644278&trk=public_jobs_jobs-search-bar_search-submit&position=1&pageNum=0,LinkedIn
123,er,Data Engineer,Atlassian,United States,,"4,13,21,29,31,32,36,44,48,51,53,59,65,68,79,92,94,98","3,24,41,50","3,4,13,21,24,29,31,32,36,41,44,48,50,51,53,59,65,68,79,92,94,98","analytic,big data,cloud,data engineering,data pipeline,data science,data visualization,git,hadoop,java,kafka,machine learning,modeling,nosql,python,spark,sql,tableau","analysis,communication,excel,insights","analysis,analytic,big data,cloud,communication,data engineering,data pipeline,data science,data visualization,excel,git,hadoop,insights,java,kafka,machine learning,modeling,nosql,python,spark,sql,tableau",https://www.linkedin.com/jobs/search?keywords=Data%2BEngineer&location=United%2BStates&geoId=103644278&trk=public_jobs_jobs-search-bar_search-submit&currentJobId=3375326877&position=3&pageNum=0,LinkedIn
124,er,Data Engineer,"Sonde Health, Inc.","Boston, MA",,"4,11,29,32,44,59,64,79,85,94,96","3,23,24,26,56,77","3,4,11,23,24,26,29,32,44,56,59,64,77,79,85,94,96","analytic,aws,data engineering,data science,git,machine learning,ml,python,reporting ,sql,statistics","analysis,collaboration,communication,curiosity,leadership,project management","analysis,analytic,aws,collaboration,communication,curiosity,data engineering,data science,git,leadership,machine learning,ml,project management,python,reporting ,sql,statistics",https://www.linkedin.com/jobs/search?keywords=Data%2BEngineer&location=United%2BStates&geoId=103644278&trk=public_jobs_jobs-search-bar_search-submit&currentJobId=3380568921&position=13&pageNum=0,LinkedIn
125,er,Data Engineer,Tango Card,"Seattle, WA",,"1,11,21,29,51,72,79,90,98","3,24,50,77","1,3,11,21,24,29,50,51,72,77,79,90,98","agile,aws,cloud,data engineering,java,pipeline ,python,snowflake,tableau","analysis,communication,insights,project management","agile,analysis,aws,cloud,communication,data engineering,insights,java,pipeline ,project management,python,snowflake,tableau",https://www.linkedin.com/jobs/search?keywords=Data%2BEngineer&location=United%2BStates&geoId=103644278&trk=public_jobs_jobs-search-bar_search-submit&currentJobId=3380140608&position=2&pageNum=1,LinkedIn
126,er,Data Engineer,Surf Search,"Los Angeles, CA",,"31,64",60,"31,60,64","data pipeline,ml",manufacturing,"data pipeline,manufacturing,ml",https://www.linkedin.com/jobs/search?keywords=Data%2BEngineer&location=United%2BStates&geoId=103644278&trk=public_jobs_jobs-search-bar_search-submit&currentJobId=3373054459&position=10&pageNum=1,LinkedIn
127,1/16/2022,Machine Learning Engineer,Stellar IT Solutions,"Nashville, TN",,"4,11,12,21,29,32,43,59,64,65,79,96",60,"4,11,12,21,29,32,43,59,60,64,65,79,96","analytic,aws,azure,cloud,data engineering,data science,gcp,machine learning,ml,modeling,python,statistics",manufacturing,"analytic,aws,azure,cloud,data engineering,data science,gcp,machine learning,manufacturing,ml,modeling,python,statistics",,LinkedIn
128,er I (Pyth,Data Engineer I (Python,Travelers,"Hartford, CT",,"4,11,14,21,29,33,59,79,91,94","3,23,24,50,56","3,4,11,14,21,23,24,29,33,50,56,59,79,91,94","analytic,aws,business intelligence,cloud,data engineering,data security,machine learning,python,software engineering,sql","analysis,collaboration,communication,insights,leadership","analysis,analytic,aws,business intelligence,cloud,collaboration,communication,data engineering,data security,insights,leadership,machine learning,python,software engineering,sql",https://www.linkedin.com/jobs/search?keywords=Data%2BEngineer&location=United%2BStates&geoId=103644278&trk=public_jobs_jobs-search-bar_search-submit&currentJobId=3380737686&position=15&pageNum=2,LinkedIn
129,rning Engi,Machine Learning Engineer,Algo Capital Group,"New York, United States",,"16,44,51,59,64,65,75,79,87,100,103","3,41","3,16,41,44,51,59,64,65,75,79,87,100,103","c++ ,git,java,machine learning,ml,modeling,predictive,python,scikit-learn,tensorflow,xgboost","analysis,excel","analysis,c++ ,excel,git,java,machine learning,ml,modeling,predictive,python,scikit-learn,tensorflow,xgboost",https://www.linkedin.com/jobs/search?keywords=Machine%2BLearning%2BEngineer&location=United%2BStates&geoId=103644278&trk=public_jobs_jobs-search-bar_search-submit&currentJobId=3365908674&position=9&pageNum=0,LinkedIn
130,rning Engi,Machine Learning Engineer,Tiger Analytics,"Atlanta, GA",,"4,11,13,21,31,32,48,54,55,59,64,79,84,92,94,97,100","24,41,56","4,11,13,21,24,31,32,41,48,54,55,56,59,64,79,84,92,94,97,100","analytic,aws,big data,cloud,data pipeline,data science,hadoop,keras,kubernetes,machine learning,ml,python,relational databases,spark,sql,structured and unstructured data,tensorflow","communication,excel,leadership","analytic,aws,big data,cloud,communication,data pipeline,data science,excel,hadoop,keras,kubernetes,leadership,machine learning,ml,python,relational databases,spark,sql,structured and unstructured data,tensorflow",https://www.linkedin.com/jobs/search?keywords=Machine%2BLearning%2BEngineer&location=United%2BStates&geoId=103644278&trk=public_jobs_jobs-search-bar_search-submit&currentJobId=3373058945&position=9&pageNum=1,LinkedIn
131,Intelligen,Artificial Intelligence Engineer,Beyond Limits,"Glendale, CA",,"2,34,51,68,79,94",,"2,34,51,68,79,94","algorithms,data structure,java,nosql,python,sql",,"algorithms,data structure,java,nosql,python,sql",https://www.linkedin.com/jobs/search?keywords=Artificial%2BIntelligence%2BEngineer&location=United%2BStates&geoId=103644278&trk=public_jobs_jobs-search-bar_search-submit&currentJobId=3374595826&position=23&pageNum=0,LinkedIn
132,Intelligen,Artificial Intelligence AI Engineer - Python,Atos,"Norfolk, VA",,"2,12,21,31,44,46,59,64,71,79,87,100",41,"2,12,21,31,41,44,46,59,64,71,79,87,100","algorithms,azure,cloud,data pipeline,git,google cloud,machine learning,ml,pandas,python,scikit-learn,tensorflow",excel,"algorithms,azure,cloud,data pipeline,excel,git,google cloud,machine learning,ml,pandas,python,scikit-learn,tensorflow",https://www.linkedin.com/jobs/search?keywords=Artificial%2BIntelligence%2BEngineer&location=United%2BStates&geoId=103644278&trk=public_jobs_jobs-search-bar_search-submit&currentJobId=3352183760&position=19&pageNum=0,LinkedIn
133,Intelligen,Artificial Intelligence Engineer,Eliassen Group,Charlotte Metro,,"1,4,11,20,21,29,31,32,59,64,72,79,83,92,94",26,"1,4,11,20,21,26,29,31,32,59,64,72,79,83,92,94","agile,analytic,aws,classification,cloud,data engineering,data pipeline,data science,machine learning,ml,pipeline ,python,regression,spark,sql",curiosity,"agile,analytic,aws,classification,cloud,curiosity,data engineering,data pipeline,data science,machine learning,ml,pipeline ,python,regression,spark,sql",https://www.linkedin.com/jobs/search?keywords=Artificial%2BIntelligence%2BEngineer&location=United%2BStates&geoId=103644278&trk=public_jobs_jobs-search-bar_search-submit&currentJobId=3357021416&position=5&pageNum=2,LinkedIn
134,gineer,Power BI Engineer,SoHo Dragon,"Manhattan, NY",,"4,65,85,94",24,"4,24,65,85,94","analytic,modeling,reporting ,sql",communication,"analytic,communication,modeling,reporting ,sql",https://www.linkedin.com/jobs/search?keywords=Power%2BBI%2Bengineer&location=United%2BStates&geoId=103644278&trk=public_jobs_jobs-search-bar_search-submit&currentJobId=3382005945&position=3&pageNum=0,LinkedIn
135,r BI Devel,Senior Power BI Developer,Hillenbrand,United States,,"2,4,12,20,29,36,38,39,59,65,73,85,86,90,94,96","3,23,24,41,50,60","2,3,4,12,20,23,24,29,36,38,39,41,50,59,60,65,73,85,86,90,94,96","algorithms,analytic,azure,classification,data engineering,data visualization,databricks,dax,machine learning,modeling,power apps,reporting ,rest api,snowflake,sql,statistics","analysis,collaboration,communication,excel,insights,manufacturing","algorithms,analysis,analytic,azure,classification,collaboration,communication,data engineering,data visualization,databricks,dax,excel,insights,machine learning,manufacturing,modeling,power apps,reporting ,rest api,snowflake,sql,statistics",https://www.linkedin.com/jobs/search?keywords=Power%2BBI%2Bengineer&location=United%2BStates&geoId=103644278&trk=public_jobs_jobs-search-bar_search-submit&currentJobId=3371396003&position=10&pageNum=0,LinkedIn
136,1/16/2022,Artificial Intelligence/Counter AI Developer,The Johns Hopkins University Applied Physics Laboratory,"Laurel, MD",,"2,10,32,44,51,52,54,57,59,62,71,79,80,81,96,100","3,24,41,56,60","2,3,10,24,32,41,44,51,52,54,56,57,59,60,62,71,79,80,81,96,100","algorithms,artifical intelligence,data science,git,java,julia,keras,linear algebra,machine learning,math,pandas,python,pytorch,r,statistics,tensorflow","analysis,communication,excel,leadership,manufacturing","algorithms,analysis,artifical intelligence,communication,data science,excel,git,java,julia,keras,leadership,linear algebra,machine learning,manufacturing,math,pandas,python,pytorch,r,statistics,tensorflow",,LinkedIn
137,gineer,Power BI Engineer,"Cambay Healthcare, LLC","Durham, NC",,"1,4,11,13,14,21,36,39,65,85,90,94,98","3,24,26,41","1,3,4,11,13,14,21,24,26,36,39,41,65,85,90,94,98","agile,analytic,aws,big data,business intelligence,cloud,data visualization,dax,modeling,reporting ,snowflake,sql,tableau","analysis,communication,curiosity,excel","agile,analysis,analytic,aws,big data,business intelligence,cloud,communication,curiosity,data visualization,dax,excel,modeling,reporting ,snowflake,sql,tableau",https://www.linkedin.com/jobs/search?keywords=Power%2BBI%2Bengineer&location=United%2BStates&geoId=103644278&trk=public_jobs_jobs-search-bar_search-submit&currentJobId=3377319676&position=11&pageNum=0,LinkedIn
138,Scientist,Senior Data Scientist,Bardess Group Ltd,"New York, NY",,"4,22,32,59,92,96",60,"4,22,32,59,60,92,96","analytic,clustering,data science,machine learning,spark,statistics",manufacturing,"analytic,clustering,data science,machine learning,manufacturing,spark,statistics",https://www.linkedin.com/jobs/search?keywords=data%2Bscientist&location=United%2BStates&geoId=103644278&trk=public_jobs_jobs-search-bar_search-submit&currentJobId=3377249041&position=1&pageNum=3,LinkedIn
139,ist (Data,Data Scientist,SES Corporation,"Suitland, MD",,"1,2,4,11,13,20,21,22,30,32,36,44,45,48,54,59,62,64,65,67,75,79,83,87,92,96","3,24,41","1,2,3,4,11,13,20,21,22,24,30,32,36,41,44,45,48,54,59,62,64,65,67,75,79,83,87,92,96","agile,algorithms,analytic,aws,big data,classification,cloud,clustering,data mining,data science,data visualization,git,github,hadoop,keras,machine learning,math,ml,modeling,natural language processing,predictive,python,regression,scikit-learn,spark,statistics","analysis,communication,excel","agile,algorithms,analysis,analytic,aws,big data,classification,cloud,clustering,communication,data mining,data science,data visualization,excel,git,github,hadoop,keras,machine learning,math,ml,modeling,natural language processing,predictive,python,regression,scikit-learn,spark,statistics",https://www.linkedin.com/jobs/search?keywords=data%2Bscientist&location=United%2BStates&geoId=103644278&trk=public_jobs_jobs-search-bar_search-submit&currentJobId=3379454185&position=8&pageNum=3,LinkedIn
140,ist,Data Scientist,Lorien,"Austin, TX",,"11,32,44,59,69,71,79,84,87,94,101",,"11,32,44,59,69,71,79,84,87,94,101","aws,data science,git,machine learning,numpy,pandas,python,relational databases,scikit-learn,sql,version control",,"aws,data science,git,machine learning,numpy,pandas,python,relational databases,scikit-learn,sql,version control",https://www.linkedin.com/jobs/search?keywords=data%2Bscientist&location=United%2BStates&geoId=103644278&trk=public_jobs_jobs-search-bar_search-submit&currentJobId=3373037119&position=14&pageNum=3,LinkedIn
141,ist,Data Scientist,Techgene Solutions,United States,,"21,31,32,43,46,48,59,62,64,65,75,79,92,94,96","3,24,41","3,21,24,31,32,41,43,46,48,59,62,64,65,75,79,92,94,96","cloud,data pipeline,data science,gcp,google cloud,hadoop,machine learning,math,ml,modeling,predictive,python,spark,sql,statistics","analysis,communication,excel","analysis,cloud,communication,data pipeline,data science,excel,gcp,google cloud,hadoop,machine learning,math,ml,modeling,predictive,python,spark,sql,statistics",https://www.linkedin.com/jobs/search?keywords=data%2Bscientist&location=United%2BStates&geoId=103644278&trk=public_jobs_jobs-search-bar_search-submit&currentJobId=3371399956&position=23&pageNum=3,LinkedIn
142,ist,Data Scientist,The Intersect Group,"Atlanta, GA",,"1,2,4,12,13,21,30,32,36,44,53,59,62,64,65,74,75,79,92,94,96,98","3,23,24,41,50,60","1,2,3,4,12,13,21,23,24,30,32,36,41,44,50,53,59,60,62,64,65,74,75,79,92,94,96,98","agile,algorithms,analytic,azure,big data,cloud,data mining,data science,data visualization,git,kafka,machine learning,math,ml,modeling,powerbi,predictive,python,spark,sql,statistics,tableau","analysis,collaboration,communication,excel,insights,manufacturing","agile,algorithms,analysis,analytic,azure,big data,cloud,collaboration,communication,data mining,data science,data visualization,excel,git,insights,kafka,machine learning,manufacturing,math,ml,modeling,powerbi,predictive,python,spark,sql,statistics,tableau",https://www.linkedin.com/jobs/search?keywords=data%2Bscientist&location=United%2BStates&geoId=103644278&trk=public_jobs_jobs-search-bar_search-submit&currentJobId=3371354725&position=5&pageNum=4,LinkedIn
143,ist,Data Scientist,Career Search Partners,New York City Metropolitan Area,,"29,32,59,62,79,92,96",,"29,32,59,62,79,92,96","data engineering,data science,machine learning,math,python,spark,statistics",,"data engineering,data science,machine learning,math,python,spark,statistics",https://www.linkedin.com/jobs/search?keywords=data%2Bscientist&location=United%2BStates&geoId=103644278&trk=public_jobs_jobs-search-bar_search-submit&currentJobId=3371354725&position=5&pageNum=4,LinkedIn
144,ist,Data Scientist,Experfy,"New York, NY",,"21,49,79",3,"3,21,49,79","cloud,image processing,python",analysis,"analysis,cloud,image processing,python",https://www.linkedin.com/jobs/search?keywords=data%2Bscientist&location=United%2BStates&geoId=103644278&trk=public_jobs_jobs-search-bar_search-submit&currentJobId=3369259600&position=9&pageNum=4,LinkedIn
145,ientist,Jr. Data Scientist,USI Insurance Services,United States,,"4,12,32,34,36,59,64,65,79,94,96","3,41,50","3,4,12,32,34,36,41,50,59,64,65,79,94,96","analytic,azure,data science,data structure,data visualization,machine learning,ml,modeling,python,sql,statistics","analysis,excel,insights","analysis,analytic,azure,data science,data structure,data visualization,excel,insights,machine learning,ml,modeling,python,sql,statistics",https://www.linkedin.com/jobs/search?keywords=data%2Bscientist&location=United%2BStates&geoId=103644278&trk=public_jobs_jobs-search-bar_search-submit&currentJobId=3376197397&position=4&pageNum=5,LinkedIn
146,ist,Data Scientist,STONE Resource Group,"Atlanta, GA",,"4,11,12,13,21,48,59","3,26,50","3,4,11,12,13,21,26,48,50,59","analytic,aws,azure,big data,cloud,hadoop,machine learning","analysis,curiosity,insights","analysis,analytic,aws,azure,big data,cloud,curiosity,hadoop,insights,machine learning",https://www.linkedin.com/jobs/search?keywords=data%2Bscientist&location=United%2BStates&geoId=103644278&trk=public_jobs_jobs-search-bar_search-submit&currentJobId=3371600506&position=8&pageNum=5,LinkedIn
147,Intelligen,Artificial Intelligence/Counter AI Developer with Security Clearance,ClearanceJobs,"Laurel, MD                                       (Time Stamp : 11/16/2022, 11:54 PM ESt)",,"2,10,32,44,51,52,54,57,59,62,71,79,80,81,96,100","3,24,41,56,60","2,3,10,24,32,41,44,51,52,54,56,57,59,60,62,71,79,80,81,96,100","algorithms,artifical intelligence,data science,git,java,julia,keras,linear algebra,machine learning,math,pandas,python,pytorch,r,statistics,tensorflow","analysis,communication,excel,leadership,manufacturing","algorithms,analysis,artifical intelligence,communication,data science,excel,git,java,julia,keras,leadership,linear algebra,machine learning,manufacturing,math,pandas,python,pytorch,r,statistics,tensorflow",,LinkedIn
148,ist,Data Scientist,Harnham,United States,,"4,32,44,64,65,75,79,94",60,"4,32,44,60,64,65,75,79,94","analytic,data science,git,ml,modeling,predictive,python,sql",manufacturing,"analytic,data science,git,manufacturing,ml,modeling,predictive,python,sql",https://www.linkedin.com/jobs/search?keywords=data%2Bscientist&location=United%2BStates&geoId=103644278&trk=public_jobs_jobs-search-bar_search-submit&currentJobId=3380583291&position=11&pageNum=6,LinkedIn
149,ist,Data Scientist,Technology Ventures,"Reston, VA",,"4,11,13,14,21,65,68,79,94,98",24,"4,11,13,14,21,24,65,68,79,94,98","analytic,aws,big data,business intelligence,cloud,modeling,nosql,python,sql,tableau",communication,"analytic,aws,big data,business intelligence,cloud,communication,modeling,nosql,python,sql,tableau",https://www.linkedin.com/jobs/search?keywords=data%2Bscientist&location=United%2BStates&geoId=103644278&trk=public_jobs_jobs-search-bar_search-submit&currentJobId=3374674402&position=15&pageNum=6,LinkedIn
150,ata Scient,Principal Data Scientist,Prosum,United States,,"11,12,21,44,45,48,54,59,64,75,79,80,92,94,96,100,101",,"11,12,21,44,45,48,54,59,64,75,79,80,92,94,96,100,101","aws,azure,cloud,git,github,hadoop,keras,machine learning,ml,predictive,python,pytorch,spark,sql,statistics,tensorflow,version control",,"aws,azure,cloud,git,github,hadoop,keras,machine learning,ml,predictive,python,pytorch,spark,sql,statistics,tensorflow,version control",https://www.linkedin.com/jobs/search?keywords=data%2Bscientist&location=United%2BStates&geoId=103644278&trk=public_jobs_jobs-search-bar_search-submit&currentJobId=3371628356&position=5&pageNum=7,LinkedIn
151,ist,Data Scientist,University of Pittsburgh,"Pittsburgh, PA",,"4,20,22,30,32,36,44,59,62,65,83,96",3,"3,4,20,22,30,32,36,44,59,62,65,83,96","analytic,classification,clustering,data mining,data science,data visualization,git,machine learning,math,modeling,regression,statistics",analysis,"analysis,analytic,classification,clustering,data mining,data science,data visualization,git,machine learning,math,modeling,regression,statistics",https://www.linkedin.com/jobs/search?keywords=data%2Bscientist&location=United%2BStates&geoId=103644278&trk=public_jobs_jobs-search-bar_search-submit&currentJobId=3379432663&position=3&pageNum=8,LinkedIn
152,cientist,Lead Data Scientist,Charlton Morris,"Hicksville, NY",,"59,62,64,79,81,94","3,60","3,59,60,62,64,79,81,94","machine learning,math,ml,python,r,sql","analysis,manufacturing","analysis,machine learning,manufacturing,math,ml,python,r,sql",https://www.linkedin.com/jobs/search?keywords=data%2Bscientist&location=United%2BStates&geoId=103644278&trk=public_jobs_jobs-search-bar_search-submit&currentJobId=3380293610&position=18&pageNum=8,LinkedIn
153,Scientist,Senior Data Scientist,Engtal,"Los Angeles, CA",,"11,30,32,59,67,72,79,90,94,96",41,"11,30,32,41,59,67,72,79,90,94,96","aws,data mining,data science,machine learning,natural language processing,pipeline ,python,snowflake,sql,statistics",excel,"aws,data mining,data science,excel,machine learning,natural language processing,pipeline ,python,snowflake,sql,statistics",https://www.linkedin.com/jobs/search?keywords=data%2Bscientist&location=United%2BStates&geoId=103644278&trk=public_jobs_jobs-search-bar_search-submit&currentJobId=3371633181&position=17&pageNum=8,LinkedIn
154,ist,Data Scientist,Underdog.io,"New York, United States",,"16,32,48,51,61,63,64,79,81,94",,"16,32,48,51,61,63,64,79,81,94","c++ ,data science,hadoop,java,mapreduce,matlab,ml,python,r,sql",,"c++ ,data science,hadoop,java,mapreduce,matlab,ml,python,r,sql",https://www.linkedin.com/jobs/search?keywords=data%2Bscientist&location=United%2BStates&geoId=103644278&trk=public_jobs_jobs-search-bar_search-submit&currentJobId=3378066388&position=3&pageNum=9,LinkedIn
155,ist,Data Scientist,Jobot,"Herndon, VA",,"2,21,32,62,79,91,96","3,56","2,3,21,32,56,62,79,91,96","algorithms,cloud,data science,math,python,software engineering,statistics","analysis,leadership","algorithms,analysis,cloud,data science,leadership,math,python,software engineering,statistics",https://www.linkedin.com/jobs/search?keywords=data%2Bscientist&location=United%2BStates&geoId=103644278&trk=public_jobs_jobs-search-bar_search-submit&currentJobId=3366405446&position=7&pageNum=9,LinkedIn
156,11/20/2022,Data Scientist - REMOTE,Publishing Concepts LLC,"Dallas, TX(REMOTE)",,"1,4,11,12,13,29,34,54,59,62,64,65,69,75,79,81,94,96,100","3,41,50","1,3,4,11,12,13,29,34,41,50,54,59,62,64,65,69,75,79,81,94,96,100","agile,analytic,aws,azure,big data,data engineering,data structure,keras,machine learning,math,ml,modeling,numpy,predictive,python,r,sql,statistics,tensorflow","analysis,excel,insights","agile,analysis,analytic,aws,azure,big data,data engineering,data structure,excel,insights,keras,machine learning,math,ml,modeling,numpy,predictive,python,r,sql,statistics,tensorflow",,Monster
157,11/20/2022,Machine Learning Engineer III,Kathy Parker & Associates/BizOne Consulting,"Oak Brook, IL",,"2,17,49,54,59,62,79,80,100","3,41","2,3,17,41,49,54,59,62,79,80,100","algorithms,caffe,image processing,keras,machine learning,math,python,pytorch,tensorflow","analysis,excel","algorithms,analysis,caffe,excel,image processing,keras,machine learning,math,python,pytorch,tensorflow",,Monster
158,11/20/2022,Machine Learning Engineer,True Anthem Corp.,"San Francisco, CA",,"4,20,32,59,67,75","3,41","3,4,20,32,41,59,67,75","analytic,classification,data science,machine learning,natural language processing,predictive","analysis,excel","analysis,analytic,classification,data science,excel,machine learning,natural language processing,predictive",,Monster
159,11/20/2022,Data Scientist,Cottonwood Financial,"Irving, TX",,"4,14,32,44,59,62,65,75,79,85,96","3,56,89","3,4,14,32,44,56,59,62,65,75,79,85,89,96","analytic,business intelligence,data science,git,machine learning,math,modeling,predictive,python,reporting ,statistics","analysis,leadership,self-starter","analysis,analytic,business intelligence,data science,git,leadership,machine learning,math,modeling,predictive,python,reporting ,self-starter,statistics",,Monster
160,11/20/2022,Data Scientist/Analyst,Piper Companies,"McLean, VA(REMOTE)",,"62,65,85,94,96,98","3,26,41,50","3,26,41,50,62,65,85,94,96,98","math,modeling,reporting ,sql,statistics,tableau","analysis,curiosity,excel,insights","analysis,curiosity,excel,insights,math,modeling,reporting ,sql,statistics,tableau",,Monster
161,11/20/2022,Big Data Java Spark Developer,Virtusa,"Tampa, FL",,"4,6,9,34,44,45,48,51,64,68,79,85,92,94,98","3,24","3,4,6,9,24,34,44,45,48,51,64,68,79,85,92,94,98","analytic,apache,apache spark,data structure,git,github,hadoop,java,ml,nosql,python,reporting ,spark,sql,tableau","analysis,communication","analysis,analytic,apache,apache spark,communication,data structure,git,github,hadoop,java,ml,nosql,python,reporting ,spark,sql,tableau",,Monster
162,11/20/2022,Data Engineer,EDI Staffing,"Washington, DC",,"4,11,13,21,31,34,68,72,79,81,84,92,94,95","3,50,77","3,4,11,13,21,31,34,50,68,72,77,79,81,84,92,94,95","analytic,aws,big data,cloud,data pipeline,data structure,nosql,pipeline ,python,r,relational databases,spark,sql,sqs","analysis,insights,project management","analysis,analytic,aws,big data,cloud,data pipeline,data structure,insights,nosql,pipeline ,project management,python,r,relational databases,spark,sql,sqs",,Monster
163,11/20/2022,Cloud Data Engineer,Excel Impact,"Miami, FL",,"11,14,21,29,30,43,44,46,53,59,79,94","3,41,50,89","3,11,14,21,29,30,41,43,44,46,50,53,59,79,89,94","aws,business intelligence,cloud,data engineering,data mining,gcp,git,google cloud,kafka,machine learning,python,sql","analysis,excel,insights,self-starter","analysis,aws,business intelligence,cloud,data engineering,data mining,excel,gcp,git,google cloud,insights,kafka,machine learning,python,self-starter,sql",,Monster
164,11/20/2022,Sr. Data Engineer,Zensar Technologies,"Atlanta, GA",,"21,74,85,94","3,23,24,41,60","3,21,23,24,41,60,74,85,94","cloud,powerbi,reporting ,sql","analysis,collaboration,communication,excel,manufacturing","analysis,cloud,collaboration,communication,excel,manufacturing,powerbi,reporting ,sql",,Monster
165,11/20/2022,Machine Learning Developer/Data Analysis,"Yoh, A Day & Zimmermann Company","Mountain View, CA(REMOTE)",,"21,43,46,59,64,79,94,100","3,23,24","3,21,23,24,43,46,59,64,79,94,100","cloud,gcp,google cloud,machine learning,ml,python,sql,tensorflow","analysis,collaboration,communication","analysis,cloud,collaboration,communication,gcp,google cloud,machine learning,ml,python,sql,tensorflow",,Monster
